etymon,ol_cluster,ol_type,ol_position,check,root,etymon_lang,inherited_form,other_forms,lang_variety,date,sound_change,outcome,status,palat,sources_and_notes
*blauka,bl,OL,#_,F,*blauka,Germ.,brouca,NA,Gal.,18,NA,/Oɾ/,u.o.,NA,"DCECH (bloque); DELG (broucar); DDD (brouca/broucar); no (etymological) information was found in DXL (194), DRAG, DEHLP, TLPGP, and DEM."
*clēta,kl,OL,#_,F,*clēta,Gaul.,Chedas,NA,GP,13,OLPAL,/ʧ/,NA,1,"REW (1988); DCECH (cleda); DEHLP (cheda); see DEM (579) for information about the text where the given inherited word is attested; DELG (chedas). In TMILG (GHCD) and DDGM (CVGP, chedeiro), only examples of GP *chedeiro* were found (15th century), which was derived from GP *cheda* (cheda, TLPGP: Freitas 1948 and TLPGP: Salgueiro 1945; DEHLP: chedeiro); *Cheda* is attested in CODOLGA (11th and 12th centuries) but the meaning is unclear."
*clocia,kl,OL,#_,F,*clŏcca,Late Lat.,chocho,NA,Pt.,18,NA,/ʧ/,u.o.,NA,"With the meaning 'doddering, feeble, dried up, spoiled (egg)'. It is possible that Sp. *chocho* is a Pt. borrowing (DCECH: chocho; cf. Roberts 2014: 475). DCECH (chocho) and DELG (chochear) proposed an etymon that went back to Late Lat. [\*clŏcca]{.smallcaps}. DEHLP (chocho) preferred Lat. [flŭxus]{.smallcaps} as the origin, as did DEM (589), while NDLP (chocho) preferred Lat. [suctus]{.smallcaps}. DXL (276) and DRAE (chocho 2) suggested an onomatopoeic origin for Gal. and Sp. *chocho* (cf. *froixo* (GP))."
*clŏcca,kl,OL,#_,F,*clŏcca,Late Lat.,choca,NA,GP,13,OLPAL,/ʧ/,u.e.,1,"With the meaning 'brooding hen, stagnant water, spoiled (egg)'; FF (329); GCLI (232); DELG (chocar 2); DEHLP (choco); DDGM (choca/chocar); DXL (276, chocar 1/choco 2); TMILG (LP). DEM (588-590, chocar 1/choca 1) seemed to imply that both GP *choca/chocalho* 'cowbell' and GP *choca* 'brooding hen, stagnant water, spoiled (egg)' came from Lat. [\*clŏcca-]{.smallcaps} (also DEEH: 584-5). Conversely, DEHLP (choca 1/choco), DCECH (chocallo/clueca) and DXL (276-7, choca/choco 2) proposed two different etymologies: Late Lat. [clocca]{.smallcaps} 'bell' (perhaps of Celtic origin) for GP *choca/chocallo*, and [\*clŏcca]{.smallcaps} (of onomatopoeic origin) for GP *choca* 'brooding hen' (see root = [clocca]{.smallcaps})."
*clŏcca,kl,OL,#_,F,*clŏcca,Late Lat.,llueza,"chueca, llueca",Ast.,NA,OLPAL,/ʎ/,u.e.,1,"With the meaning 'brooding hen, spoiled or empty (egg, nuts)'; GCLI (232); DCECH (clueca); DGLA (llueca/lluezu); DALLA (lluecu); DEEH (276)."
*clŏcca,kl,OL,#_,F,*clŏcca,Late Lat.,llueca,clueca,Sp.,17,OLPAL,/ʎ/,u.e.,1,"Contrary to other scholars (DEM: 588-90, chocar 1/choca 1; DELG: chocar 2/choca 2; REW: 1995; DEEH: 584-5), DCECH (chocallo/clueca) seemed to propose two different etymologies for Ast. *llueza* and GP *choca* 'brooding hen', on the one hand, and for Leon. *chocallo* and Ast. *llueca* 'cowbell', on the other hand: Late Lat. \*[clŏcca]{.smallcaps} (onomatopoeic origin) and Late Lat. [clocca]{.smallcaps} 'bell' (perhaps of Celt. origin) (also DXL: 276-7, choca/choco 2; DEHLP: choca 1/choco) (see root = [clocca]{.smallcaps}). See DCECH (cócora/en cuclillas) for other possible inherited forms from Lat. \*[clŏcca]{.smallcaps} or cf. *clueca* (Sp.)."
*flaskô,fl,OL,#_,F,*flaskô,Got.,frasca,NA,OSp.,13,RHOT,/Oɾ/,u.e.,0,"DRAE (frasco); DEEH (683); cf. CORDE. DCECH (frasco) claimed that Sp. *frasco* (attested in the 16th century) and OSp. *frasca* are inherited forms but admitted that they could possibly be Galician-Portuguese borrowings. REW (3355) considered Sp. and Pt. *frasco* to be Italian borrowings. For information on the given inherited word, see DCECH (enfrascarse/frasco)."
*flaskô,fl,OL,#_,F,*flaskô,Got.,frasca,NA,GP,15,RHOT,/Oɾ/,u.e.,0,"DCECH (frasco); DEHLP (frasco/frasca); REW (3355); DEEH (683); DEM (1028-9); DXL (601); DLPC (1815). Pt. *frasco* is attested in the 16th century (DEM: 1028-9; DEHLP: frasco) but, according to DCECH (frasco), GP *frasca* is perhaps already attested in the 14th century. *flascas* is attested in a Cantabrian document from the 9th century (cf. CODOLGA)."
*klappa,kl,OL,#_,F,*klappa (u.e.),u.o.,chapas,NA,OSp.,14,OLPAL,/ʧ/,u.e.,1,"With the meaning 'metal or wood sheet'; CORDE. Most sources hypothesized an etymological base *\*klapp-* or *\*clapp* of uncertain origin (DCECH: chapa; DEHLP: chapa; TDHLE: chapa; DELG: chapa; REW: 4706a). Other sources (DEEH: 123, 551; DEM: 495, 572; see also DEHLP: chapa) preferred Lat. [cappa]{.smallcaps} as the etymon (arguments against this in DCECH: chapa). DCECH (chapa) argued that /ʧ/ is not an unexpected outcome in this case: since OSp. *chapas* would have been usually used in the plural form, sandhi rules at word-boundaries would have applied, so that OSp. *chapas* would have been preceded by a consonant. Therefore, the OL cluster would have been understood as postconsonantal, where /ʧ/ is the expected outcome, instead of word-initial, where /ʎ/ would have been expected (cf. García-Covelo 2025: 25-33)."
*klappa,kl,OL,#_,F,*klappa (u.e.),u.o.,chapas,NA,GP,14,OLPAL,/ʧ/,u.e.,1,"Most sources hypothesized an etymological base *\*klapp-* or *\*clapp* of uncertain origin (DCECH: chapa; DEHLP: chapa; TDHLE: chapa; DELG: chapa; REW: 4706a). Other sources (DEEH: 123, 551; DEM: 495, 572; see also DEHLP: chapa) preferred Lat. [cappa]{.smallcaps} as the etymon (arguments against this in DCECH: chapa); see also DDGM (chapa) and TMILG (HT, CT)."
*lôfa,NA,NA,NA,F,*lôfa,Got.,luva,NA,OSp.,11,NA,/l/,-OL,NA,"DDGM (luua, TC). The most widespread etymology is from Got. *lôfa* (ibid.; DCECH: lúa; DRAE: lúa; DEHLP: luva; Roberts 2014: 142-3; DEM: 1371; DXL: 760) but some sources proposed an etymology containing an OL cluster, such as Got. *\*glōva* (REW: 3803) or *glof* (DELG: luva)."
*scrabruncŭlus,kl,O(V)L,C_,F,*scrabro,Lat.,escaramujo,NA,OSp.,15,NA,/ʒ/,u.o.,NA,"This is the etymology given by DCECH (escaramujo) and by Roberts (2014: 644). No (etymological) information was found in DEEH, DRAE (escaramujo) or REW."
*scrabruncŭlus,kl,O(V)L,C_,F,*scrabro,Lat.,escambuñeyro,NA,Gal.,18,NA,/ɲ/,u.o.,NA,"Different sources gave different etymologies or none, cf. DCECH (escaramujo), DEHLP (escambrulheiro/escambroeiro/caramujo), DDD (escambrueiro/escaramuxo), DEM (503), DELG (escalambrón/caramuxo)."
guimple,pl,OL,C_,F,*wimpil,OFr.,grimpola,NA,OSp.,15,NA,/O(V)l/,u.o.,NA,"DCECH (grímpola) and Roberts (2014: 778) suggested that OSp. *grímpola* came from OFr. *guimple*, while REW (9543) implied that it came directly from *wimpel* (DEEH: 214) and DRAE (grímpola) claimed it came from Occ. *guimpola*; CORDE."
guimple,pl,OL,C_,F,*wimpil,OFr.,grimpa,NA,Gal.,20,NA,/O/,u.o.,NA,DDD (grimpa). It is unclear whether Gal. Pt. *grimpa* comes from Fr. *guimple* (DCECH: grímpola) or from another OFr. form without an OL cluster (DEM: 1131; DELG: grimpa; DEHLP: grimpar 1). Pt. *grinpa* is attested in the 16th century (DEHLP: grimpa).
acetabŭla,bl,O(V)L,V_,F,acetabulum,Lat.,achitabla,NA,Alav.,20,NA,/Ol/,BORR,0,"No etymological information found in TDHLE (achitabla). According to Corominas, Alav. Burg. *achitabla* was borrowed from Basque, which took the word from Latin (DCECH: achitabla). This may be confirmed by DEEH (436), where *achitabla* is also given as an Alavese form."
aciscŭlus,kl,O(V)L,C_,F,aciscŭlus,Late Lat.,aciche,NA,Sp.,18,OLPAL,/ʧ/,NA,1,"LS (acisculus); CRC (259); DEEH (437); DCECH (aciche); TDHLE (aciche); cf. DRAE (aciche), through an intermediate Mozarab. form."
acūcŭlarius,kl,O(V)L,V_,F,acūcŭla,Lat.,agujero,NA,OSp.,14,OLPAL,/ʒ/,u.o.,NA,CRC (239); DEEH (438); CORDE. REW (121) proposed the etymology Lat. [acūcŭlarius]{.smallcaps} > Sp. *agujero* and Pt. *agulheiro* but considered the possibility that these words might be derivational forms from Sp. *aguja* and Pt. *agulha* (also DRAE: agujero; cf. DEHLP: agulheiro; DCECH: aguja; DEM: 122-3).
acūcŭla,kl,O(V)L,V_,F,acus,Lat.,aguja,NA,OSp.,13,OLPAL,/ʒ/,NA,1,"CRC (439, 446); GCLI (278); DCECH (aguja); DRAE (aguja); REW (119); DEEH (438); CORDE."
acūcŭla,kl,O(V)L,V_,F,acus,Lat.,agulia,NA,GP,11,OLPAL,/ʎ/,NA,1,"FF (354); GCLI (278); DELG (agulla); REW (119); TMILG (CSM, XH, TA); DEHLP (agulha); see DEM (122-3) for further examples. GP *agulia* is attested in the year 1012 (PMH, *Diplomata et Chartae* I: 133) but I could find it neither in TMILG nor in CODOLGA."
"afflictio, -ōnis",ffl,OL,V_,"F, outcome",affligĕre,Lat.,afreícion,aflición,OSp.,15,RHOT,/Oɾ/,NA,0,"TDHLE (afreisión/aflicción); cf. DEEH (447); CORDE (OSp. *aflición* attested in the 13th century). DCECH (afligir) considers OSp. *afreír, afreisión, afreícion* semi-popular or semi-learned forms. Notably, none of the given inherited words in REW (263) exhibits OL palatalization."
"afflictio, -ōnis",ffl,OL,V_,"F, outcome",affligĕre,Lat.,affricones,afliçom,GP,15,NA,/Oɾ/,NA,0,DELG (aflixir); DEM (104); REW (263); DEHLP (aflição); GP *afliçom/aflicçom* are attested in the 14th century (ibid.).
affligĕre,ffl,OL,V_,"F, outcome",affligĕre,Lat.,afreído,afligido,OSp.,15,RHOT,/Oɾ/,NA,0,"CRC (417); DRAE (afligir); DEEH (447); cf. DEM (104). OSp. *afligido* is attested in the 15th century, OSp. *aflito* in the 10th century (CORDE). DCECH (afligir) considers OSp. *afreír, afreisión, afreícion* semi-popular or semi-learned forms and REW (263) considers them technical or learned words."
affligĕre,ffl,OL,V_,"F, outcome",affligĕre,Lat.,affrigir,"afliger, afreito",GP,14,NA,/Oɾ/,NA,0,"DELG (aflixir); DEM (104); REW (263); DEHLP (afligir); TMILG (GP *afligeu* attested in 15th-century CI). Other inherited forms are Gal. *afreito/afreita* (REW: 263; DEEH: 447; DDD: afreita) and Pt. *afrito* (DEM: 104; DEHLP: aflito). For information on the given inherited form, see DEHLP (afligir)."
ambŭlāre,bl,O(V)L,C_,F,ambŭlāre,Lat.,amblar,NA,OSp.,13,NA,/Ol/,NA,0,"LS (ambulo); CRC (256, 262-263); DRAE (amblar); REW (412); DEEH (462). It is unclear if OSp. *andar* came from Lat. [ambŭlāre]{.smallcaps} (DCECH: andar; DRAE: andar; see DEHLP: andar) or from Late Lat. \*[ambĭtare]{.smallcaps} (DEEH: 461-2; DEM: 198; REW: 409; DELG: andar)."
ambŭlāre,bl,O(V)L,C_,F,ambŭlāre,Lat.,ambrar,NA,GP,13,RHOT,/Oɾ/,NA,0,"LS (ambulo); FF (394); DEHLP (andar); DEM (184); REW (412); DDGM (ambrar); TMILG (LP). Similarly to OSp. *andar*, it is unclear GP *andar* came from Lat. [ambŭlāre]{.smallcaps} (cf. DEHLP: andar) or from Late Lat. \*[ambĭtare]{.smallcaps} (DEM: 198) (for further references, see *amblar* (OSp.))."
amplus,pl,OL,C_,F,amplus,Lat.,ancho,NA,OSp.,12,OLPAL,/ʧ/,NA,1,"CRC (270); GCLI (233); DCECH (ancho); DRAE (ancho, cha); DEEH (462); CORDE."
amplus,pl,OL,C_,F,amplus,Lat.,ancho,NA,GP,13,OLPAL,/ʧ/,NA,1,"FF (330); GCLI (233); DELG (ancho-a); DEHLP (ancho); DEM (190); DDGM (ancho); TMILG (CSM, LP, TC)."
amplus,pl,OL,C_,F,amplus,Lat.,ampllo,NA,Rib. Arag.,NA,OLPAL,/Oʎ/,NA,1,GCLI (233); Aragonario (ancho); Viudas Camarasa (1979).
examplāre,pl,OL,C_,F,amplus,Lat.,ensancha,NA,OSp.,13,OLPAL,/ʧ/,NA,1,DCECH (ancho); DRAE (ensanchar); no information was found in REW; DEEH (651); CORDE.
examplāre,pl,OL,C_,F,amplus,Lat.,ensancham,NA,GP,15,OLPAL,/ʧ/,NA,1,DDD (ensanchar); no information was found in TLPGP; TMILG (TA); DXL (493); DEM (845); DCECH (ancho); DEEH (451). Some sources preferred to consider GP *ensanchar* to be a Spanish borrowing (DEHLP: ensanchar; cf. DDGM: emanchar/enanchar).
*amyndŭla,dl,O(V)L,V_,F,amygdăla,Late Lat.,damendoas,NA,GP,12,"-SINC, LEN",/O/,NA,0,"GCLI (282); DELG (améndoa); see DEM (for the context of the given attested form); TMILG (GP *amendooas* is attested in 15th-century TA); DCECH (amêndoa/almendra). The exact evolution of the etymon is unclear: Lat. [amygdălas]{.smallcaps} > [amĭddŭlas]{.smallcaps} or [\*amyndŭla]{.smallcaps} (among other options) > GP *amendoas* (cf. DEM: 186; DCECH: almendra; FF: 224, 401; REW: 436; DEEH: 463)."
*amyndŭla,dl,O(V)L,V_,F,amygdăla,Late Lat.,almendra,NA,OSp.,13,RHOT,/Oɾ/,NA,0,"CRC (259, 269); GCLI (282); DRAE (almendra); CORDE. The exact evolution of the etymon is unclear: Lat. [amygdălas > amĭddŭlas]{.smallcaps} or \*[amyndŭla]{.smallcaps} (among other options) > OSp. *almendra* (cf. DEM: 186; DCECH: almendra; FF: 401; REW: 436; DEEH: 463)."
anatĭcŭla,kl,O(V)L,V_,F,"anas, -ătis",Lat.,adelha,NA,Pt.,20,OLPAL,/ʎ/,NA,1,With the meaning 'wooden piece in a mill'. DELG (adella); DEM (adelha); cf. REW (440); DDD; TLPGP; DRAG (adella).
anatĭcŭla,kl,O(V)L,V_,F,"anas, -ătis",Lat.,nadija,"anadeja, nabija",OSp.,12,OLPAL,/ʒ/,NA,1,"With the meaning 'iron piece in a mill'; CRC (446); DEEH (28, 463); REW (440); no information was found in DRAE; cf. DCECH (ánade); NTLLE (anadeja, see Nebrija or DRAE 1770, also nabija); CORDE (OSp. *anadeja* in Nebrija, 15th century, see NTLLE); TDHLE (anadeja) considered OSp. *anadeja* to be a derivational form of OSp. *ánade*."
*anēthŭlum,tl,O(V)L,V_,F,anēthum,Lat.,aneldo,NA,OSp.,13,META,/lO/,NA,0,CRC (437); DCECH (eneldo); REW (454); DRAE (aneldo); DEEH (464); CORDE.
*anēthŭlum,tl,O(V)L,V_,F,anēthum,Lat.,emdro,NA,Pt.,16,RHOT,/Oɾ/,NA,0,DCECH (eneldo); REW (454); DEEH (464); DEHLP (endro); DEM (842). Gal. *enllo* could come from Lat. [\*anēthŭlum]{.smallcaps} (DCECH) or from Lat. [anniculu]{.smallcaps} (DELG). The modern form is Pt. *endro*.
angŭla,gl,O(V)L,C_,F,angŭlus,Lat.,angra,NA,GP,15,NA,/Oɾ/,u.o.,NA,DCECH (angra); DEHLP (angra); DEM (205) and DLPC (247) preferred Lat. [angra/ancrae]{.smallcaps} as etymon; no attestations were found in TMILG; Sp. *angra* may be a Pt. or GP borrowing (DCECH: angra; DRAE: angra).
angŭlus,gl,O(V)L,C_,F,angŭlus,Lat.,anglo,NA,OSp.,13,NA,/Ol/,NA,0,"TDHLE (anglo); cf. DEEH (465); CORDE. DCECH (ángulo) considered OSp. *ángulo* (13th century) to be a Lat. borrowing and OSp. *anglo*, which appears in the same text, a semi-popular variant of that word (""forma semipopular""). While this inherited word did not undergo OL palatalization, note that other inherited words from the same etymon did (see *Añavieja* (Sp.), *Anllada* (Gal.) or *Rianno* (Leon.))."
(rīvī) angŭlus,gl,O(V)L,C_,F,angŭlus,Lat.,Rianno,Riaño,Leon.,11,OLPAL,/ɲ/,u.e.,1,"CRC (131, 259); REW (465); cf. DEEH (465); cf. Celdrán (2009: 70-1, 666-7); *Toponomasticon Hispaniae* (*Toponimia asturiano-leonesa*: Fuente Cornejo 2024)."
angŭla vĕtŭla,gl,O(V)L,C_,F,angŭlus,Lat.,Añavieja,NA,Sp.,NA,OLPAL,/ʒ/,NA,1,"CRC (259); cf. Celdrán (2009: 70-1, 666-7)."
(rīvī) angŭlus,gl,O(V)L,C_,F,angŭlus,Lat.,Anllada,"Anllo, Rianxo",Gal.,NA,OLPAL,/nʎ/,u.e.,1,"CRC (259); cf. REW (464-5); cf. DCECH (cincho); cf. Celdrán (2009: 70-1, 666-7); cf. DELG (allar)."
angŭlāris,gl,O(V)L,C_,F,angŭlus,Lat.,anllar,"allar, unllar, illar",Gal.,19,OLPAL,/(n)ʎ/,NA,1,"DELG (allar/anllar/ullar); DEEH (30, 465); DXL (80); TLPGP (anllar, see the entry *ullar* from Lorenzo 1962: 495); DDD (anllar/allar/inllar/illar/unllar, etc); cf. TILG; DCECH (lar) preferred Lat. [lār, -is]{.smallcaps} as etymon."
annĭcŭlus,kl,O(V)L,V_,F,annus,Lat.,anello,NA,GP,13,OLPAL,/ʎ/,NA,1,"DELG (anello); DCECH (año); REW (481); DCECH (anelho); DDGM (anello); TMILG (CSM, GHCD). DEM (208-9) gave GP *anelia* as a further example (cf. PMH, *Inquisitiones* III: 327), which probably dates from the 13th century."
annĭcŭlus,kl,O(V)L,V_,F,annus,Lat.,añejo,NA,OSp.,13,OLPAL,/ʒ/,NA,1,"CRC (438-9, 446); DCECH (año); DRAE (añejo/añojo); REW (481); CORDE; for information on Late Lat. [annŭcŭlus]{.smallcaps} (alternative form of [annĭcŭlus]{.smallcaps}) > (O)Sp. *añojo,* see the given sources (also Georges: anniculus)."
apĭcŭla,kl,O(V)L,V_,F,apis,Lat.,abeja,NA,OSp.,13,OLPAL,/ʒ/,NA,1,CRC (438); GCLI (278); DCECH (abeja); REW (523); CORDE.
apĭcŭla,kl,O(V)L,V_,F,apis,Lat.,abellas,NA,GP,13,OLPAL,/ʎ/,NA,1,"FF (135, 354); REW (523); DELG (abella); DDGM (abella); TMILG (CSM); DEHLP (abelha); DEM (25); Mir. *abeilha* (GCLI: 278)."
cōpŭla,pl,O(V)L,V_,F,apiscor,Lat.,copla,NA,OSp.,12,NA,/Ol/,BORR,0,"With the Latin meaning 'bond, tie, connection' (LS and Georges: copula/apiscor); CRC (432); DCECH (copla); DEEH (599-600); cf. CORDE. OSp. *copla* is already attested in *Cantar de Mio Cid* (12th century). For this reason, it is unexpected that /p/ was not voiced due to lenition, given how early the first attestation was. The lack of voicing indicates that OSp. *copla* was likely a borrowing. It is unclear whether Ast. (and Cat.) *colla* comes from Lat. [cōpŭla]{.smallcaps} (DEEH: 599-600; DRAE: colla 2; REW: 2209) or from Cat. *coll* or Lat. [collum]{.smallcaps} (DCECH: colla)."
cōpŭla,pl,O(V)L,V_,F,apiscor,Lat.,cobra,NA,GP,13,"LEN, RHOT",/Oɾ/,NA,0,"With the Lat. meaning 'bond, tie, connection' (LS and Georges: copula/apiscor); DCECH (copla); DDGM (cobra, especially CSM and Rodrigues Lapa 1970); TMILG (LP, CSM, AT); DELG (copla); DEEH (599-600); DEM (621). REW (2209) suggested that Pt. *cobra* is a borrowing from Cat. *cobla*. DEM (621) claimed that Pt. *cocha* (attested in the 19th century) also comes from Lat. [cōpŭla]{.smallcaps}. As DEHLP (cocha) argued, /ʧ/ is an unexpected outcome for secondary postvocalic OL clusters in Galician-Portuguese, /ʎ/ would be expected instead (cf. García-Covelo 2025: 25-33)."
*apparĭculāre,kl,O(V)L,V_,F,apparāre,Late Lat.,aparellado,NA,GP,13,OLPAL,/ʎ/,NA,1,"DELG (aparello); DCECH (aparelho/aparelhar); REW (537); DEM (218); DDGM (aparellar/aparellado, TC); TMILG (CSM, TC, HT). According to DXL (88), Gal. *aparello* is a derivational form from Gal. *parello* (\< Lat. \*[pariculus]{.smallcaps})."
*apparĭculāre,kl,O(V)L,V_,F,apparāre,Late Lat.,aparejo,NA,Sp.,NA,NA,/ʒ/,u.o.,NA,"It is unclear whether Sp. *aparejo* comes from Lat. \*[apparĭcŭlus]{.smallcaps} (cf. TDHLE: aparejar; DEEH: 469; REW: 537) or whether it is a derivational form from Sp. *parejo* (DRAE: aparejar; DCECH: par). Similarly, it remains uncertain whether Sp. *aparejo* derives from *aparejar* or the other way around."
artĭcŭlus,kl,O(V)L,V_,F,artus,Lat.,artejo,artigulo,OSp.,13,OLPAL,/ʒ/,NA,1,"CRC (236, 438); GCLI (278); DEEH (478); DRAE (artejo). OSp. *artícolo* may be attested in the 10th century (DCECH: artículo) and OSp. *artigulo* in the 11th century (CORDE). Mir. *arteilho* (GCLI: 278)."
artĭcŭlus,kl,O(V)L,V_,F,artus,Lat.,artillos,artigoos,GP,14,OLPAL,/ʎ/,NA,1,"FF (135, 221); GCLI (278); DCECH (artículo); DEEH (478); DELG (artello/artigo); DEHLP (artelho/artigo); DEM (260-1); DDGM (artillo/artigoo); TMILG (CT; GP *artigo(o)s* is attested in 14th-century ROT and GHCD). GP *artillo* or *artelho* 'ankle' and GP *artigo* 'part or subdivision of a text' also came from Lat. [artĭcŭlus]{.smallcaps} 'joint, knot, part, division' (LS and Georges: articulus) but they underwent different evolutions and might have been introduced into GP at different times."
aurĭcŭla,kl,O(V)L,V_,F,auris,Lat.,orejadas,NA,OSp.,12,OLPAL,/ʒ/,NA,1,CRC (439); DCECH (oreja); REW (793); DEEH (484); CORDE.
aurĭcŭla,kl,O(V)L,V_,F,auris,Lat.,orellas,NA,GP,12,OLPAL,/ʎ/,NA,1,"FF (135, 354); DCECH (oreja); DDGM (orella, especially TC and Tato Plaza 1999); DELG (orella); DEHLP (orella); DEM (1630); TMILG (GP *orella* also attested in CSM, LP, TC, HT); for the context (in PMH, *Leges* III: 380) of the given inherited form, see DEM (1630) or DDGM (TC); Mir. *oureilha* (GCLI: 278)."
aurĭcŭla,kl,O(V)L,V_,F,auris,Lat.,oreya,urecha,Ast.,NA,OLPAL,NA,NA,1,DEEH (484); DGLA (oreya).
astŭla,tl,O(V)L,C_,F,axis,Lat.,acha,NA,GP,13,OLPAL,/ʧ/,NA,1,"With the meaning '(wood) splinter'. Georges (astula/axis 2); FF (330); GCLI (283); DCECH (astilla/rajar); DEEH (481); DELG (acha); DEHLP (acha 2); LS (assŭla/assis/axis); DDGM (acha); TMILG (CSM, CT). The evolution of the etymon might have been as follows: Lat. [assŭla]{.smallcaps} \~ [astŭla]{.smallcaps} > \*[astla]{.smallcaps} > Late Lat. [ascla]{.smallcaps} > GP *acha* (cf. DCECH: rajar, REW: 736, DEM: 54)."
astŭla,tl,O(V)L,C_,F,axis,Lat.,ascla,NA,Arag.,NA,NA,/Ol/,NA,0,GCLI (283); DCECH (astilla); DEEH (481); LS (assula/assis/axis).
astŭla,tl,O(V)L,C_,F,axis,Lat.,racha,NA,OSp.,14,OLPAL,/ʧ/,NA,1,"DCECH (rajar); DRAE (rachar); CORDE. Sp. *astilla* comes from Lat. [astĕlla]{.smallcaps}, which is the diminutive form of [astŭla]{.smallcaps} and no longer has an OL cluster (DCECH: astilla). The evolution of the etymon might have been as follows: Lat. [assŭla \~ astŭla > astla > ascla]{.smallcaps} -> Leon. *racha* (cf. DCECH: rajar REW). DCECH (rajar) mentioned that *racha(s)* is found several times in Leonese documents from the 13th and 14th centuries, but that there are also examples of *racha* in the 14th century that cannot be considered Leonese."
bacŭla,kl,O(V)L,V_,F,bāca,Lat.,bágoa,NA,Gal.,18,"-SINC, LEN",/O/,u.e.,0,"With the Lat. meaning 'small berry' (LS: bacula) and the Gal. meaning 'tear'; no information was found in DEHLP or DEM, cf. DDD (bágoa/bagulla). It is unclear whether Gal. *bágoa* comes from Lat. [bacŭla]{.smallcaps} (DELG: bágoa; REW: 873; DEEH: 491) or from a Prerrom. form *\*bakula* > *\*baculā* → *\*baculiare* (DCECH: baga I; DXL: bágoa)."
bacŭlum,kl,O(V)L,V_,F,bacŭlum,Lat.,blago,baclos,OSp.,13,META,/O/,NA,0,CRC (438); DEEH (491); CORDE; OSp. *baclos* is also attested in the 13th century (DCECH: báculo; cf. CORDE).
bacŭlum,kl,O(V)L,V_,F,bacŭlum,Lat.,bagoo,NA,GP,14,"-SINC, LEN",/O/,NA,0,"FF (221, 357, 362, 390); DELG (báculo); DEHLP (bago 1); DEM (297); REW (874); DEEH (491); DDGM (bagoo); TMILG (MERS, MS)."
*batuācŭlum,kl,O(V)L,V_,F,bat(t)uĕre,Late Lat.,badajo,NA,OSp.,15,OLPAL,/ʒ/,NA,1,With the meaning 'bell clapper'; CRC (157); GCLI (278); REW (994); DCECH (badajo); DRAE (badajo); DEEH (502); CORDE.
*batuācŭlum,kl,O(V)L,V_,F,bat(t)uĕre,Late Lat.,badalo,badalho?,GP,13,?,/l/,NA,0,"With the meaning 'bell clapper'; GCLI (278); REW (994); DEHLP (badalo); DDGM (badalo); DEEH (502); DXL (144); DEM (297); TLPGP (badalo); TMILG (CSMp). GP /l/ is an unexpected outcome for /k(V)l/ (cf. García-Covelo 2025: 25-33, 299-301) and it primarily resulted from Lat. /l:/. Moreover, in the absence of syncope, intervocalic Lat. /l/ should have disappeared in Galician-Portuguese (FF: 367-9). DCECH (badajo) suggested that GP *badalo* could be an alteration of GP *badalho/badallo* due to the influence of *batala*. While Pt. or GP *badalho* were occasionally mentioned in Romance or Hispanic sources (cf. DEEH; DCECH), information on these forms or their descendants is rarely found in Galician or Portuguese sources (DDD: badallo; DELG: badal; DXL: 144; TLPGP: badalo/badal)."
*battŭcŭlum,kl,O(V)L,V_,F,bat(t)uĕre,Lat.,batallo,abatojar,Arag.,NA,OLPAL,/ʎ/,NA,1,DCECH (batojar); DEEH (502); Aragonario (badajo).
biblia,bl,OL,V_,"F, outcome",biblia,Lat.,bribia,NA,Leon.,14,"META, RHOT",/O/,NA,0,"In this example, taken from DCECH (bribón), Leon. *bribia* has the meaning 'Holy Scriptures' (cf. CORDE). For other meanings with the same etymology, see DCECH (bribón) and DRAE (bribia/briba). Leon. *bribia* \< [blibia]{.smallcaps} \< Lat. [biblia]{.smallcaps} (ibid.)."
biblia,bl,OL,V_,"F, outcome",biblia,Lat.,briuia,Bibria,GP,14,"META, RHOT",/O/,NA,0,"DEHLP (bíblia); DELG (bíblia); DDD (e.g., Cuveiro Piñol 1876) with the meaning of 'Holy Scriptures'. Most inherited forms of Lat. [biblia]{.smallcaps} exhibit rhotacism and metathesis of the liquid (see GP *bribiario* and *bribia* in TMILG; cf. DDGM: bibria/briujajro). The given inherited form is found in DDGM (bibria/briujajro, CVGP). DELG (biblia) provided Late Lat. [bribiam]{.smallcaps} as 13th-century example (see CODOLGA), and GP *briuial* is attested in the 13th century (TMILG: HGPg)."
blāo,bl,OL,#_,F,blāo,OHG,blao,blavo,OSp.,14,NA,/Ol/,BORR?,0,DRAE (blao); Roberts (2014: 246); TDHLE (blao); DEEH (510); CORDE.
blandus,bl,OL,#_,F,blandus,Lat.,brando,blandas,GP,13,RHOT,/Oɾ/,NA,0,"FF (331, 394); REW (1151); DDGM (brando, CSM); GCLI (236); DEHLP (brando); DEM (400); TMILG (CT; GP *blandas* also attested in 13th-century CSM); for information on the given inherited form, see DEHLP (brando) and cf. DDGM (brando). Attempted root or stem reconstruction for words like Lat. [blandŭlus, subblandĭor, ēblandĭor, blandĭcŭlē, blandĭor, blandītus, blandĭtĭa]{.smallcaps}, or [blandūmentum]{.smallcaps} (see LS for words containing the root -*bland*-): \*chand\*, \*land\*, \*jand\*, \*gand\*, \*blland\* (cf. TMILG, DDGM)."
blandus,bl,OL,#_,F,blandus,Lat.,llandiu,blandiu,Ast.,NA,#LSTR,/ʎ/,NA,?,"GCLI (236); DCECH (blando); DGLA and DALLA (llandiu/blandiu). It is probable that the palatalization of /bl/ was not due to OL palatalization, but due to the loss of /b/ and the strengthening of word-initial /l/ in Astur-Leonese, e.g. Lat. [lŭpus]{.smallcaps} > Sp. *lobo*, Ast. *llobu* (cf. GCLI: 222-5)"
blandus,bl,OL,#_,F,blandus,Lat.,blando,NA,OSp.,13,NA,/Ol/,NA,0,"GCLI (236); DCECH (blando); REW (1151); DRAE (blando); CORDE. Attempted root or stem reconstruction for words like Lat. [blandŭlus, subblandĭor, ēblandĭor, blandĭcŭlē, blandĭor, blandītus, blandĭtĭa]{.smallcaps}, or [blandūmentum]{.smallcaps} (see LS for words containing the root -*bland*-): \*lland\*, \*ljand\*, \*land\* (cf. CORDE)."
blank,bl,OL,#_,F,blank,Germ.,branca,NA,GP,13,RHOT,/Oɾ/,NA,0,"FF (331); GCLI (236); REW (1152); DELG (blando); DDGM (branco); DEHLP (branco); DEM (400); DEEH (510); TMILG (LP, CSM, CDMO, TC); GP *blanco* is also attested in the 13th century (TMILG: CSM, TC)."
blank,bl,OL,#_,F,blank,Germ.,bllanco,NA,Rib. Arag.,NA,OLPAL,/Oʎ/,NA,1,Aragonario; REW (1152); cf. Viudas Camarasa (1979).
blank,bl,OL,#_,F,blank,Germ.,blanco,NA,OSp.,12,NA,/Ol/,NA,0,CRC (358); DCECH (blanco); DEEH (510); REW (1152); CORDE.
blasphēmāre,bl,OL,#_,F,blasphēmāre,Lat.,lastima,blasmar?,OSp.,14,LEN/DEL,/l/,NA,0,"CRC (290); GCLI (235); Torreblanca (1990: 322); REW (1155); DEEH (510); DCECH (blasfemar/ lastimar) set the first attestation already in the 11th century (cf. CORDE). [blasphemare]{.smallcaps} > [blastemare]{.smallcaps} through dissimilation but it is unclear whether the dissimilation happened in Greek or in Latin (cf. DCECH and REW). Attempted root or stem reconstruction for words like Lat. [blasphēmātĭo]{.smallcaps}, [blasphēmĭa]{.smallcaps}, or [blasphēmus]{.smallcaps} (see LS for words containing the root -*blasph*-): \*bllas-, \*llas-, jas-\*, \*chas- (CORDE). DRAE (blasmar) argued that Sp. *blasmar* is a French borrowing (against this etymology, TDHLE: blasmar)."
blastemātu,bl,OL,#_,F,blasphēmāre,Lat.,lastimado,brasmar?,GP,14,LEN/DEL,/l/,NA,0,"FF (331); REW (1155); DCECH (lastimar); DELG (lástima); DEHLP (lastimar); DDGM (lastimado/brasmar); DEHLP (lastimar); DEEH (510). There are three examples of GP *lastimado* (CT, CGC), one of GP *brasmar* and one of GP *brasmado* (CSM, CT) in TMILG. [blasphemare]{.smallcaps} > [blastemare]{.smallcaps} through dissimilation but it is unclear whether the dissimilation happened in Greek or in Latin (cf. references DCECH and REW). DEM (372-3) argued that GP *blasmar* was a French borrowing. Attempted root or stem reconstruction (TMILG, DDGM) for words like Lat. [blasphēmātĭo]{.smallcaps}, [blasphēmĭa]{.smallcaps}, or [blasphēmus]{.smallcaps} (see LS for words containing the root -*blasph*-): \*bllas-, \*llas-, \*jas-, \*chas- (also followed by \<f> or \<t> instead of \<s>) (TMILG, DDGM)."
blatta,bl,OL,#_,"F, no gall, only pt.",blatta,Lat.,barata,NA,Pt.,16,"RHOT, EPEN",/O(V)l/,NA,0,DCECH (fótula); DEEH (510); NDLP (barata); DEHLP (barata 3); DEM (322); TLPGP (barata). REW (1158) claimed that Pt. *barata* and any other descendants of Lat. [blatta]{.smallcaps} are learned words.
blatta,bl,OL,#_,F,blatta,Lat.,brata,NA,Sp.,NA,RHOT,/Oɾ/,NA,0,"DCECH (fótula); DEEH (510). Only one example of Sp. *brata* was found in CORDE (19th century), and it is unclear whether it has the meaning 'cockroach'; no information was found in TDHLE or NTLLE."
*blattŭla (1),bl,OL,#_,F,blatta,Late Lat.,fótula,"bétula, fatula",Andal.,16,LEN/DEL,/O/,NA,0,DEEH (510); DRAE (fatula). DCECH (fótula) claimed that Andal. *fótula* may be of Mozarab. origin because the variants *bétula* and *fátula* also exist. No information on the given forms was found in REW (1159).
*blattŭla (2),tl,O(V)L,V_,F,blatta,Late Lat.,fótula,"bétula, fatula",Andal.,16,NA,/O(V)l/,NA,0,DEEH (510); DRAE (fatula). DCECH (fótula) claimed that Andal. *fótula* may be of Mozarab. origin because the variants *bétula* and *fátula* also exist. No information on the given forms was found in REW (1159).
blave,bl,OL,#_,F,blave,OFr.,blavo,NA,OSp.,14,NA,/Ol/,BORR?,0,"DCECH (blavo) suggested that OSp. *blavo* came from Medieval French *blave* (DRAE: blavo; Roberts 2014: 247). In contrast, TDHLE (blavo) preferred to locate its origin in OHG *blaw* (as did DEEH: 510). Compare CORDE."
blĭtum,bl,OL,#_,F,blĭtum,Lat.,beldro,NA,Gal.,18,META,/O(V)l/,u.e.,0,"LS (blitum); cf. DDD (beldro); DELG (beldro); DXL (166); cf. DEHLP (bredo) and DEM (404); Gal. *beldro* may also come from the diminutive of Lat. [blĭtum]{.smallcaps}, i.e. [blitulum]{.smallcaps} (DCECH: beldro)."
blĭtum,bl,OL,#_,F,blĭtum,Lat.,bredo,NA,Pt.,16,RHOT,/Oɾ/,NA,0,GCLI (236); LS (blitum); DCECH (bledo); DEHLP (bredo); DEM (404); cf. DDD (beldro).
blĭtum,bl,OL,#_,F,blĭtum,Lat.,bledos,NA,OSp.,14,NA,/Ol/,NA,0,GCLI (236); LS (blitum); DCECH (bledo); DRAE (bledo); CORDE.
*exbotulare,tl,O(V)L,V_,F,bŏtŭlus,Late Lat.,esbullar,NA,GP,13,NA,/ʎ/,u.o.,NA,"DCECH (desbullar) claimed that Sp. *desbullar* was borrowed from Gal. or Port. *esbulhar*. For GP *esbulhar*, he preferred the etymology Late Lat. [\*exbotulare]{.smallcaps} (also Roberts 2014). However, other sources gave Lat. [spŏliāre]{.smallcaps} (or a derivational form from the verb) as etymology (cf. DEHLP: esbulhar; DELG: esbillar/debullar; NDLP: debulhar/esbulhar; DEM: 738)."
blial(t),bl,OL,#_,F,*blidalt,Occ./Prov.,brial,NA,OSp.,12,RHOT,/Oɾ/,u.e.,0,"DCECH (brial); cf. DDGM (brial, especially TC); REW (1169); DRAE (brial); DEEH (510); CORDE."
blial(t),bl,OL,#_,F,*blidalt,Occ./Prov.,brial,NA,GP,13,RHOT,/Oɾ/,u.e.,0,"DCECH (brial); DDD (brial); REW (1169); DRAE (brial); DEEH (510); DEHLP (brial); DEM (406); DDGM (brial, especially TC); TMILG (LP, CSM, TC, CT)."
boucle,kl,OL,V_,F,bucca,OFr.,broca,NA,GP,14,"META, RHOT",/O/,NA,0,"OFr. *boucle* or *bocler* \< Lat. [bŭccŭla]{.smallcaps}; REW (1364); DEHLP (broca 1); TMILG (HT, CT); DDGM (broca); DEM (376)."
*bŭccŭla,kkl,O(V)L,V_,F,bucca,Late Lat.,bochecha,bocha,GP,14,OLPAL,/ʧ/,NA,1,"DEM (375-6); DXL (179); DEHLP (bochecha/bochach-); cf. DCECH (boche), where the possibility of a Mozarab. origin is also discussed. DELG (bocha 1) preferred Lat. [botulus]{.smallcaps} as the etymon. No examples of GP *bocha* were found in the consulted sources. Since GP *bochecha* is probably a derivational form of GP *bocha*, the chronology of GP *bochecha* is given instead (see DEM: 376 and DEHLP: bochecha/bochacro for information on the original source)."
boucle,kl,OL,V_,F,bucca,OFr.,bloca,broquel,OSp.,12,META,/O/,NA,0,"OFr. *boucle* or *bocler* \< Lat. [bŭccŭla]{.smallcaps}; CRC (258-69); DCECH (broquel/bucle); REW (1364); DRAE (broquel); for information on Sp. *buche*, see DCECH (buche I/bochinche/boche)."
bŭtticŭla,kl,O(V)L,V_,F,buttis,Lat.,botija,NA,OSp.,14,OLPAL,/ʒ/,NA,1,"CRC (438, 447); DEEH (526). Sp. *botella* (and Pt. *botelha*) comes from Fr. *bouteille*, which comes from Lat. [bŭtticŭla]{.smallcaps} (cf. DCECH: botella/botija; DRAE: botija; REW: 1426; DEHLP: botelha). It is unclear whether the /i/ contained in the etymon was long (cf. DCECH: botija) or short (REW: 1426; DEEH: 526). Pt. *botija* is a Sp. borrowing (see references in DCECH and REW)."
*caccŭlus,kkl,O(V)L,V_,F,caccabus,Late Lat.,cacho,NA,Sp.,16,OLPAL,/ʧ/,NA,1,"Lat. [cācăbus]{.smallcaps} had the meaning 'cooking-pot' (LS: cacabus) which is similar to Sp. *cacho* 'pot, pan, piece of something' (DCECH: cacho I); CRC (258); GCLI (283); DRAE (cacho 1). REW (1445) preferred Lat. [caccabus]{.smallcaps} as the etymon, but TDHLE preferred Lat. [capŭlum]{.smallcaps}. Given the evolution of etyma containing OL clusters with geminate obstruents in Spanish, e.g., Lat. [afflāre, acclamāre]{.smallcaps} > OSp. *fallar, allamare*, the outcome /ʧ/ is unexpected."
*caccŭlus,kkl,O(V)L,V_,F,caccabus,Late Lat.,cacho,NA,Gal.,17,OLPAL,/ʧ/,NA,1,"Lat. [cācăbus]{.smallcaps} meant 'cooking-pot' (LS: cacabus) and Gal. *cacho* means, among other things, 'pan to cook chestnuts, piece, part of shellfish shells' (DRAG: cacho; DELG: cacho 1 and 2); DCECH (cacho); cf. REW (1445, 6941a). This word is attested in the 17th century at the latest (TILG). There is one example of GP *cacho* and several of *cachon* in TMILG (SVP), but it is difficult to discern their meaning. The word family of *cachon* is disputed; while DELG (cachar) suggested Gal. *cachar* \< Lat. [capulāre]{.smallcaps}, DCECH (cacho I) suggested that it is a derivational form of *cacho*. In the sense of 'fragments of shellfish shells', Gal. *cacho* was reconstructed by Sarmiento (1970, DDD: cacho) as coming from Lat. [casculus \< cascus]{.smallcaps} 'old, worn out'. Interestingly, Ríos Panisse (1977, DDD: cacho) suggested the etymology \*[cacculum]{.smallcaps} for a similar meaning of Gal. *cacho*, i.e., 'shell of crustacean animals'. DELG proposed different etymologies for Gal. *cacho* depending on the meaning: Gal. *cacho* 'pan, pot' would come from Lat. \*[cacculus]{.smallcaps} (DELG: cacho 2), while Gal. *cacho* 'piece of something' would be a derivational form of Gal. *cachar* (\< Late Lat. [capulare]{.smallcaps}) (DELG: cacho 1/cachar 3). DXL (207) made a similar distinction."
*caccŭlus,kkl,O(V)L,V_,F,caccabus,Late Lat.,caco,NA,Pt.,16,NA,/O/,u.o.,NA,"It is unclear whether Pt. *caco* comes from Late [\*caccŭlus]{.smallcaps} (DCECH: cacho 1), from Lat. [caccabus]{.smallcaps} (REW: 1445), or from a related form *\*cacu-* (cf. DLPC: 617; DEM: 440; DEHLP: caco). With regard to Pt. *cacho*, Lat. [cācăbus]{.smallcaps} meant 'cooking-pot' (LS: cacabus), and Pt. *cacho* means 'bunch, cluster, piece' (DLPC: 616; DEHLP: cacho 1). Generally, Pt. *cacho* is said to come from Lat. [capŭlus]{.smallcaps} 'handle, holder' (LS: capulus; DEHLP: cacho 1; DLPC: 616; DEM: 437; other possibilities in DCECH: cacho 1, and REW: 6941a). However, as the main meaning of Pt. *cacho* is 'cluster, bunch', it is more likely that it comes from Lat. [capŭlus]{.smallcaps} than from Late Lat. [\*cacculus]{.smallcaps} (as Gal. *cacho* and Pt. *caco*), which do have the meaning 'pan, pot'."
canīcŭla,kl,O(V)L,V_,F,canis,Lat.,encanijarse,canijo,Sp.,17,OLPAL,/ʒ/,u.e.,1,"CRC (439, 447); DCECH (canijo). REW (1586) proposed the etymology Sp. *caneja* 'shark, dogfish' \< Lat. [canīcula]{.smallcaps}. DEEH (547) and TDHLE (canijo) preferred Lat. [cannicŭla]{.smallcaps} as etymon, which has the Latin root [canna]{.smallcaps}. DCECH (canijo) suggested that Sp. *encanijarse* is a direct descendant of Lat. [canicula]{.smallcaps}, while Sp. *canijo* would have been built from Sp. *encanijarse*. The reason behind it is that Sp. *encanijarse* is attested earlier (Sp. *canijo* in the 18th century)."
canīcŭla,kl,O(V)L,V_,F,canis,Lat.,quenlla,NA,Gal.,20,OLPAL,/nʎ/,NA,1,"DELG (quenlla); DXL (1012). Variations of Gal. *quenlla* include *caella*, *caenlla*, *quella* and *quenlla* with the meaning 'a type of shark' (cf. DRAG: quenlla/caella; TLPGP and DDD: quenlla, especially Ríos Panisse 1977). REW (1586) gave the etymology Sp. *caneja* 'shark, dogfish' \< Lat. [canīcula]{.smallcaps} with a similar meaning and form to the Galician words."
capŭlum,pl,O(V)L,V_,F,capĕre,Lat.,cacho,NA,GP,15,OLPAL,/ʧ/,NA,1,"DELG (cacho 3/cf. cacho 1/cachar 3/cachaza 1); see DEHLP (cacho 1/cachola); no information was found in REW (1666); DLPC (616); DEM (437); DXL (207). DCECH (cacha) and DEEH (554) appeared to suggest that GP *cacho* was a derivational form from GP *cacha(s)*. DEHLP (cacho 1) stated that GP *cacho* 'neck' was attested in the 13th century, but GP *cacho* 'group or bundle of flowers or fruits' was attested in the 15th century."
*cappŭla,ppl,O(V)L,V_,"F, Roberts",capĕre,Late Lat.,cacha,NA,OSp.,13,OLPAL,/ʧ/,NA,1,"CRC (258); no information was found in DRAE (cacha 1). The etymon's evolution would have been as follows: Late Lat [\*cappŭla]{.smallcaps} \< Lat. [capŭla]{.smallcaps} (plural) ← [capŭlum]{.smallcaps} (singular) (DCECH: cacha; cf. DEHLP: cacha 1/cacho 1). REW (1666) claimed that it would be difficult to locate the origin of Sp. *cachas* 'pieces forming a knife's handle' in Lat. [capŭlum]{.smallcaps} 'kind of rope'. However, Lat. [capŭlum]{.smallcaps} also had the meaning 'sword or knife handle' (LS and Georges: capulus). DCECH placed the first example of OSp. *cacha* in the 13th century, but I could not find any example from before the 15th century in CORDE. For information on Sp. *cable* \< Fr. *câble* \< Late Lat. [capŭlum]{.smallcaps}, see DCECH (cable). It is unclear whether the Lat. etymon had /p/ (DEEH: 554; TDHLE: cacha; cf. DELG: cachas) or /p:/ (DCECH: cacha; DXL: 205; cf. DEHLP: cacha 1)."
*cappŭla,ppl,O(V)L,V_,F,capĕre,Late Lat.,cachas,NA,GP,13,OLPAL,/ʧ/,NA,1,"GCLI (280); DELG (cachas); DEHLP (cacha 1) appeared to imply that GP *cacha* was an OSp. borrowing; DDGM (cachas); TMILG (CSM, LP); cf. REW (1666); DXL (205). DEM (439-40) gave two etymologies for Pt. *cacha,* but neither of these words has the meaning 'sword or knife handle'. It is unclear whether the Lat. etymon had /p/ (DEEH: 554; TDHLE: cacha; cf. DELG: cachas) or /p:/ (DCECH: cacha; DXL: 205; cf. DEHLP: cacha 1). Given that all OL clusters containing /pkf/, except in secondary postvocalic /VO(V)L/ clusters, are expected to have resulted in /ʧ/ in GP, the reconstruction of /p:/ may be justified (cf. DCECH: cacha)."
*excapŭlāre,pl,O(V)L,V_,F,capĕre,Late Lat.,escabollirse,NA,OSp.,14,"-SINC, LEN",/O(V)l/,u.e.,0,CRC (432); DCECH (escabullirse); DRAE (escabullir); DEEH (552) preferred Late Lat. [\*cappubŭlum]{.smallcaps} as etymon.
capĭtŭlum,tl,O(V)L,V_,F,caput,Lat.,cabildo,NA,OSp.,12,"META, LEN",/lO/,NA,0,"CRC (437); DCECH (cabildo); TDHLE (cabildo). CRC (ibid.) and DCECH (ibid.) gave the year 1202 as the first attestation of this form, but CORDE (cabildo) contains several instances from one text from 1196 (Fuero de Soria). In this text, OSp. *cabildo* is used with the approximate meaning 'meeting of municipal officers' (""el cabildo de los alcaldes""), which is one of its meanings (cf. DCECH; DRAE: cabildo). For later borrowings, see DCECH (capítulo). DCECH (capellar) and DRAE (capellar) suggested that Mozarb. *capellar* would come from Late Lat. [capĭtŭlāre]{.smallcaps}."
capĭtŭlum,tl,O(V)L,V_,F,caput,Lat.,cabillo,cabidoo,GP,13,OLPAL,/ʎ/,NA,1,"FF (221, 362, 367); TDHLE (cabildo); DDGM (cabido); DEHLP (cabido); DEM (430). Mariño Paz (FF: 134) mentioned that *capitulum non capiclum* appears in the Appendix Probi. If the syncopated form with /kl/ is in such an old text, it should be possible to find inherited words from this etymon exhibiting OL palatalization. In line with the meanings of OSp. *cabildo* (cf. DCECH and DRAE: cabildo), there are several instances of GP *cabillo* exhibiting OL palatalization. The two instances found are attested in the same text (TMILG: FCR) and seem to be used with the same meaning as GP *cabido(o)*, i.e. 'meeting of municipal officers or members of a union' (cf. DRAG: cabido; DXL: 204; cf. DDD: cabillo)."
carbŭncŭlus,kl,O(V)L,C_,F,"carbo, ōnis",Lat.,carbũche,carbuncho,GP,14-15,OLPAL,/ʧ/,NA,1,"Georges and LS (carbunculus); DCECH (carbunco); REW (1677). With the meaning of 'reddish precious stone', there is one attestation of GP *carbũche* in the *Miragres de Santiago* (14th-15th centuries) (see DDD and TMILG: MS). With the meaning 'tumor, abscess, boil', see DCECH (carbunco), REW (1677), DELG (carbunco), and DXL (carbuncho). Gal. *carafuncho* may be a mixture of Lat. [carbunculus]{.smallcaps} and Lat. [fūrŭncŭlus]{.smallcaps} (cf. DELG: carafuncho; DCECH: carbunco/hurto; REW: 3607; and TLPGP: carafuncho)."
carbŭncŭlus,kl,O(V)L,C_,F,"carbo, ōnis",Lat.,carbunclas,"carbunclo, carbunco, carbúncol",OSp.,12,NA,/Ol/,BORR,0,Georges and LS (carbunculus); DCECH (carbunco); DRAE (carbunco/carbunclo); DEEH (557-8); CORDE.
*cardĭncŭlus,kl,O(V)L,C_,F,carduus,Lat.,cardenchas,"cardoncho, cardoncha, cardincha",OSp.,13,OLPAL,/ʧ/,u.e.,1,It is unclear whether OSp. *cardenchas* came from Lat. [\*cardŭncŭlus]{.smallcaps} (DCECH: cardo/carlina/cebolla) or from Lat. [\*cardincŭlus]{.smallcaps} (DRAE: cardencha; DEEH: 558). REW (1687) and TDHLE (cardencha) considered Sp. *cardencha* as a derivational form from Sp. *cardo* (\< Lat. [carduus]{.smallcaps}). DRAE (cardancho) also derived OSp. *cardancho* from Sp. *cardo*; see Georges for examples of [cardunculus]{.smallcaps}; cf. CORDE.
*cariuncŭla,kl,O(V)L,C_,F,caries,Lat.,caruncho,NA,Sp.,19,OLPAL,/ʧ/,u.e.,1,"CRC (259, 439) (other possible etymologies include [carbŭncŭlu]{.smallcaps}); DRAE (\< [\*cariuncŭla]{.smallcaps}); TDHLE (caroncho/caruncho); DCECH (caroncho, Sp. *caroncho* \< \*[cŭriŭnclu]{.smallcaps} \< [\*curcuriunclu]{.smallcaps} \< Lat. [curculiunculus]{.smallcaps}); DEEH (559-60, \< [\*cariŭncŭla]{.smallcaps}). For different inherited dialectal forms, see DCECH (carboncho). The approximate meaning of the Spanish forms is 'woodworm, ergot affecting cereals', but the Latin meaning varies depending on whether the etymon came from Lat. [caries]{.smallcaps} 'decay, dry-rot' or Lat. [curculio]{.smallcaps} 'corn-worm, weevil' (LS: caries/curculio). The etymology of this etymon is unclear. However, it was taken into account in García-Covelo's (2025) corpus analysis because all the possible etymologies contain the cluster -ncul-. For information on Leon. forms like *caronjo*, see DEEH (559-60; also DCECH: caroncho)."
casubla,bl,OL,V_,"F, grapheme references CHECK",casa,Late Lat.,casula,"casebre, casulo",GP,13,"LEN, RHOT",/l/,u.e.,0,"With the meaning 'ecclesiastical hooded robe' (cf. Georges: casubla/casula; LS: casula); DCECH (casulla); REW (1752); DELG (casulla); DEEH (565); DXL (246, casulla 2); DEHLP (casula); TMILG (GP *casula* is attested in CSM, one instance of *casulla* is found in 15th-century CI with the meaning 'small house, type of construction'); DDGM (casula, especially CVGP); DDD (casula); TLPGP (casula). According to DCECH (casulla), GP *casula/casulo* 'ecclesiastical hooded robe' may have been influenced by Lat. [cuculla]{.smallcaps}. With the meaning 'legume pod', it may have been semantically influenced by Lat. [capsula]{.smallcaps}. In this regard, Lat. /l:/ > GP /l/ and Lat. /l/ > GP /∅/ were regular sound changes (FF: 367-9). Therefore, while the evolution /bl/ > /l/ would not have been impossible (Lat. [blasphēmāre]{.smallcaps} > GP *lastimar*), it is more likely that the outcome /l/ in GP *casula* was due to the influence of Lat. [cuculla]{.smallcaps}. REW (1752) suggested that GP *casula* came from Lat. [casŭla]{.smallcaps}, and DEM (523-4) appeared to share this opinion. However, GP *casula/casulo* can only be borrowings of Lat. [casŭla]{.smallcaps}, and not inherited forms, because Lat. /l/ was preserved, when it should have been lost instead. DELG (casula-o 1/casulla) suggested that Gal. *casula* and *casulla* come from two different Lat. etyma, i.e., Lat. [casubla \< capsula]{.smallcaps}, and [casubla \< casubula]{.smallcaps}. The status of Gal. *casulla* with the meaning of 'ecclesiastical robe' is unclear as it does not appear in DRAG or DDD (casulla) with that meaning, while Gal. *casula* does (ibid.). While there are a couple of examples of GP *casulla* in TMILG and DDGM, \<ll> could represent either /l/ or /ʎ/ (HGP: 305ff, 497ff). In some cases, \<ll> could be used to reflect a cognate from a different variety or the original Latin word."
casubla,bl,OL,V_,F,casa,Late Lat.,casullas,NA,OSp.,9,OLPAL?,/ʎ/,NA,?,"CRC (433); DRAE (casulla); TDHLE (\< [casŭla]{.smallcaps}); CORDE; DEEH (565). It is possible that OSp. *casulla* \< Lat. [casubla]{.smallcaps} \< [\*casŭpŭla]{.smallcaps} ← [casŭla]{.smallcaps} was influenced by Lat. [cuculla]{.smallcaps} > Sp. *cogulla*, as both meant 'ecclesiastical hooded robe' (DCECH: casulla; REW: 1752; see Georges: casa). Consequently, it is difficult to discern whether the outcome /ʎ/ came from Lat. /bl/ or from /l:/. However, it should be noted that, while Lat. /l:/ > OSp. /ʎ/ was a regular sound change, Lat. /bl/ > OSp. /ʎ/ was not (GCLI: 225-8). Moreover, the usual outcome of secondary postvocalic O(V)L clusters was /ʒ/, and not /ʎ/, in Old Spanish. In CORDE, there are examples of *casulla* in a Latin text from the 13th century with the meaning 'piece of clothing'."
*cattŭlus,ttl,O(V)L,V_,F,catŭlus,Late Lat.,cachorro,NA,OSp.,15,OLPAL,/ʧ/,u.e.,1,"CRC (258); DCECH (cachorro); DRAE (cachorro/cacho 2); Roberts (2014: 282); CORDE. DEEH (566) and TDHLE (cachorro) proposed Lat. [catŭlus]{.smallcaps} (> Late Lat. [\*cattŭlus]{.smallcaps}) as etymology. OSp. *cacho* seems not to be directly attested, but there are several words, like *cachorro* or *cachondo*, that prove its existence in Old Spanish (DCECH: cachorro). Therefore, the etymon's evolution would have been as follows: Lat. [catŭlus]{.smallcaps} > [\*cattŭlus]{.smallcaps} > OSp. *cacho* → OSp. *cachorro* (ibid.). REW (1711, 8959a) stated that Sp. *cachorro* comes from Basq. *txakur*."
*cattŭlus,ttl,O(V)L,V_,F,catŭlus,Late Lat.,cachorro,NA,GP,14,OLPAL,/ʧ/,u.e.,1,"DCECH (cachorro); DEHLP (cachorro); DELG (cacho 4/cachorro/cacheiro); no information was found in DEM; TLPGP (cachorro); DXL (207, Gal. *cachorro* \< Late Lat. [\*catulu-]{.smallcaps}); DLPC (616, Pt. *cachorro* \< Lat. [catŭlus]{.smallcaps}). GP *cacho* or *cachorro* generally meant 'puppy, whelp', which makes Lat. [catŭlus]{.smallcaps} 'young animal or dog, whelp' (cf. LS and Georges) a semantically probable origin. The reduplication in [\*cattŭlus]{.smallcaps} would have had an affective and diminutive meaning (cf. DCECH). Since the expected outcome for secondary postvocalic O(V)L clusters was typically /ʎ/ in Galician-Portuguese, the long obstruent might explain the outcome /ʧ/ in the inherited word (cf. García-Covelo 2025: 14-5). The given inherited form may not coincide with the attestation date because the original source could not be consulted (cf. DEHLP: cachorro for more information)."
caulĭcŭla,kl,O(V)L,V_,F,caulis,Late Lat.,colleja,NA,Sp.,16,OLPAL,/ʒ/,NA,1,"CRC (438, 446); DEEH (567); DRAE (colleja 1); no information on Ibero-Romance forms was found in REW (1777); CORDE. Mozarab. forms like *qualîya* are already attested in the 12th century (DCECH: colleja). OSp. *colleja* might be attested in the 16th century (ibid.), but I could not find any example earlier than the 19th century in CORDE."
caulĭcŭla,kl,O(V)L,V_,F,caulis,Late Lat.,coella,"covella, cobella",Gal.,18,OLPAL,/ʎ/,NA,1,"With the Lat. meaning 'the small stalk or stem of a plant' (LS: cauliculus) and the Gal. meaning 'small cabbage, young collard' (DDD: coella); DEEH (567); TLPGP (coella); no information on Ibero-Romance forms was found in REW (1777); no inherited words were found in DEM (535-6). DXL (299) claimed that Gal. *coella* was derived from Gal. *col*."
caupŭlus,pl,O(V)L,V_,F,caupŭlus,Lat.,cópano,NA,OSp.,15,?,/O(V)n/,NA,0,"With the meaning 'small boat'; CRC (432); REW (1780); CORDE (cópano); DRAE (cópano); DEEH (567). The change /l/ > /n/ seems to be also attested in Genovese (13th century) and Venetian (15th century) documents, e.g. *copano, copanus, coppano*, but the motivation for this change is unclear (cf. DCECH: cópano)."
*cernĭcŭla,kl,O(V)L,V_,F,cernere,Late Lat.,cerneja,NA,OSp.,13,OLPAL,/ʒ/,NA,1,"With the meaning 'lock of hair, mane'; CRC (438); DCECH (cerneja); REW (1833); DRAE (cerneja). OSp. *cerniclo*, *cernígolo* (attested in the 13th century) came from the singular form [cernĭcŭlum]{.smallcaps} with the meaning 'sieve, type of bird'. DCECH (cernícalo) suggested that Sp. *cernícalo* was introduced into the language either through Mozarabic or through a learned or literary form (cf. DEEH: 571)."
*cernĭcŭla,kl,O(V)L,V_,"F, cunha",cernere,Late Lat.,çernella,NA,GP,15,OLPAL,/ʎ/,NA,1,"With the meaning 'highest part of the back of an animal'; DELG (cernella); DDGM (cernella, CVGP); DEHLP (cernelha); DCECH (cerneja); REW (1833); DEEH (571); DEM (558); TMILG (TA). DCECH (cerneja) suggested that Gal. *cerengo* 'summit or crest of a mountain' (cf. DDD: cerengo) also comes from Lat. [cernĭcŭlum]{.smallcaps}, the singular form of [cernĭcŭla]{.smallcaps} (cf. DELG)."
cernĭcŭlum,kl,O(V)L,V_,F,cernere,Lat.,cerniyu,NA,Ast.,NA,OLPAL,NA,NA,1,"With the meaning 'lock of hair, mane'; DCECH (cerneja); DGLA (cerneyu)."
ciniscŭlus,kl,O(V)L,C_,F,cĭnĭs,Late Lat.,ceñiglo,ceñilgo,OSp.,11,NA,/Ol/,u.o.,NA,"Georges (cinisculus); CRC (259, 263, 269-270); Roberts (2014: 347); no etymological information on (O)Sp. *ceñiglo* was found in REW (1929), DRAE (ceñiglo/cenizo), or TDHLE (ceñiglo); CORDE. The evolution of the etymon might have been as follows: Late Lat. [ciniscŭlus]{.smallcaps} > [\*ciniclo]{.smallcaps} > OSp. *ceñiglo* (see DCECH: cenizo for the attestation of the inherited form). Both DCECH (ibid.) and DEEH (581) mentioned the form *jenijo* (regions of Salamanca and Segovia), but I could not find any further information on this word in TDHLE, NTLLE, or DRAE. For information on the etymology of Sp. and Pt. *cisco*, see DEHLP and DELG (cisco), DCECH (cisco), and REW (1929). For information on the etymology of Gal. *saincho*, see DCECH (ceñiglo/cenizo, \< [ciniscŭlus]{.smallcaps}) and DELG (\< \*[saniculum]{.smallcaps})."
cĭrcŭlāre,kl,O(V)L,C_,F,cĭrcŭlus,Lat.,cercha,NA,OSp.,13,OLPAL,/ʧ/,NA,1,"DCECH (cercha) considered OSp. *cercha* and *cerchar* as French borrowings. Related to OSp. *cerchar*, Corominas argued that it can very well be an inherited form from Lat. [cĭrcŭlāre]{.smallcaps}, but the late attestation date and the meaning pertaining to architecture and carpentry point to a French origin (ibid.). Other sources preferred Lat. [cĭrcŭlāre]{.smallcaps} as the etymon (GCLI: 284; DEEH: 582; REW: 1946; TDHLE: cerchar; DRAE: cerchar). With (one) of the original meanings 'to encircle, to enclose' (LS: circulo), there are several examples in CORDE, one from the 13th century and at least another from the 15th century. With regard to OSp. and Gal. *cercha*, it is generally agreed that they go back to OFr. *cerche* (Late Lat. \*[cĭrca]{.smallcaps}) (DCECH: cercha; DRAE: cercha; TDHLE: cercha; DELG: cercha; DXL: 263; cf. DEEH: 582 for a different opinion)."
cicercŭla,kl,O(V)L,C_,F,cicera,Lat.,Cizercha,NA,OSp.,15,OLPAL,/ʧ/,NA,1,CRC (272); DEEH (579); DRAE (cicercha); DCECH (almorta); cf. CORDE; REW (1902) considered Sp. *cicercha* to be an Italian borrowing.
cĭngŭlum,gl,O(V)L,C_,"F, search otucomes corde? (light highlight)",cingere,Lat.,cello,"cincho, ceño, cejo",OSp.,13,OLPAL,"/ʎ/, /ɲ/",NA,1,"CRC (259, 262, 269); GCLI (282); DEEH (580-1); DRAE (ceño 1/cejo 2); CORDE. Contrary to REW (1926-8), DCECH (cello/cincho) claimed that both OSp. *cello* and *cincho* come from Lat. [cingulum]{.smallcaps} but underwent slightly different evolutions (see also DRAE: cello/cincho). DCECH (cellisca) suggested that Sp. *cellisca* could come from *\*cellar*, which would be a derivational form of Lat. [cingulum]{.smallcaps}."
cĭngŭlum,gl,O(V)L,C_,F,cingere,Lat.,çinchos,"cinho, cenllo",GP,13-14,OLPAL,/ʧ/,NA,1,"Georges (cingulum); GCLI (283); DELG (cello); DEEH (580-1); DCECH (cello/cincho); DEHLP (cincho); DLPC (818); NDLP (cincho 1/cinho); TMILG (TC). DEM (603) mentioned that GP *cincho* could have come from Late Lat. \*[cīnctūlu]{.smallcaps} (← Lat. [cīnctum]{.smallcaps}) (cf. DDGM: çincho, TC; arguments against this etymology in DCECH: cincho). While both words had an OL cluster, the outcome /ʧ/ would be expected for /nktl/ (postconsonantal cluster) but not for /ngl/ (cf. García-Covelo 2025: 27-9). Pt. *cinho* seems to be attested in the 17th century (DEM: 603). REW (1927) preferred to derive GP *cincho* from GP *cinchar* (\< Lat. \*[cĭngŭlāre]{.smallcaps})."
cĭngŭla,gl,O(V)L,C_,F,cingere,Lat.,cincha,cencha,OSp.,12,OLPAL,/ʧ/,NA,1,"GCLI (283); Georges (cingula); DCECH (cincho); DRAE (cincha/cencha); CRC (259, 262, 269); DEEH (580); CORDE."
cĭngŭla,gl,O(V)L,C_,F,cingere,Lat.,sinlia,"cincha, cilla",GP,13,OLPAL,/(n)ʎ/,NA,1,"Georges (cingula); REW (1926); DEHLP (cilha); REW (1926-1927); GCLI (283); DELG (cincha); DDGM (çenlla/çinlla); TMILG (GP *çinlla(s)* attested in TC, CT, TA). DEM (603) mentioned several 13th-century instances, i.e. GP *sinlia, cinlia, scinlia* (PMH, *Leges* II: 195) and a 12th-century example *Runpicinlas*, where OL palatalization is, however, not clear (see also DDGM: çinlla, TC)."
acclāmāre,kkl,OL,V_,F,clāmāre,Lat.,allamare,NA,OSp.,13,OLPAL,/ʎ/,NA,1,"With the Lat. meaning 'to shout at or exclaim (also in a hostile sense), to blame by shouting, to shout applause' (LS: acclamo) and the OSp. meaning 'to complain, invoke the protection of' (TDHLE: allamarse; DEEH: 435); TDHLE (allamarse); Torreblanca (1990: 319); DEEH (435); no information on OSp. *allamare* found in DCECH (llamar); cf. CORDE."
"clāmor, -ōris",kl,OL,#_,F,clāmāre,Lat.,chamor,NA,GP,13-14,OLPAL,/ʧ/,NA,1,"DDGM (chamor, especially TC); DELG (chamor); TMILG (two examples of *chamor* are attested in TC and FMST, 13-14th centuries; two examples of *clamor* are attested in XH and CI, 14-15th centuries; no examples of GP *cramor* were found); no information was found in REW (1961)."
clāmāre,kl,OL,#_,F,clāmāre,Lat.,llama,NA,OSp.,12,OLPAL,/ʎ/,NA,1,"GCLI (230); DCECH (llamar); REW (1961); DEEH (583); CORDE. Attempted root or stem reconstruction for words like Lat. [clāmātor]{.smallcaps}, [clāmātōrĭus]{.smallcaps}, [clāmĭtātĭo]{.smallcaps}, [clāmor]{.smallcaps}, [acclāmātĭo]{.smallcaps}, [succlāmo]{.smallcaps}, [conclāmātĭo]{.smallcaps}, [conclāmo]{.smallcaps}, [exclāmātĭo]{.smallcaps}, [exclāmo]{.smallcaps}, [inclāmo]{.smallcaps}, [praeclāmo]{.smallcaps}, [proclāmātĭo]{.smallcaps}, [proclāmo]{.smallcaps}, [rēclāmātĭo]{.smallcaps}, [rēclāmo]{.smallcaps}, [dēclāmātōrĭus]{.smallcaps}, [dēclāmo]{.smallcaps}, and [dēclāmātĭuncŭla]{.smallcaps} (see LS for words containing the root -*clam*-): \*cham\*, \*llam\*, \*jam\* (DCECH). One instance of OSp. *llamor* from the 14th century was found in CORDE (Herrera & Sánchez: 2000) but there is also one instance of OSp. *clamor* in the same work. Additionally, many instances of OSp. *clamor* are attested as early as the 12th century (*Cid*). DEEH (583) suggested that OSp. *llamadera* comes from Lat. [clāmātorĭus]{.smallcaps} but DRAE (llamadera), DCECH (llamar) and NTLLE (llamadera, see Pagés: 1914, among others) preferred to derive it from OSp. *llamar*. There are two examples of OSp. *rellam* + verbal suffix before the 15th century (CORDE) but they probably come from *re* + *llamar*."
clāmāre,kl,OL,#_,F,clāmāre,Lat.,chaman,NA,GP,12,OLPAL,/ʧ/,NA,1,"FF (329); GCLI (230); DCECH (llamar); DELG (chamar); DDGM (chamar); DEM (567); DEHLP (chamar); REW (1961); CODOLGA; TMILG (examples from the 13th century in LP, CSM, LP). Root or stem reconstruction was attempted for words like Lat. [clāmātor, clāmātōrĭus, clāmĭtātĭo, clāmor, acclāmātĭo, succlāmo, conclāmātĭo, conclāmo, exclāmātĭo, exclāmo, inclāmo, praeclāmo, proclāmātĭo, proclāmo, rēclāmātĭo, rēclāmo, dēclāmātōrĭus, dēclāmo]{.smallcaps}, and [dēclāmātĭuncŭla]{.smallcaps} (see LS for words containing the root -*clam*-): \*cham\*, \*l?am\*, \*gam\* (\<g> = \<g i j>, see ""Asociacións gráficas"" in TMILG) (TMILG, DDGM). Several examples of GP *acham* + verbal suffix were found but these probably derive from *a + chamar* rather from Lat. [acclāmāre]{.smallcaps}. For information on Pt. *chamariz*, which probably comes from GP *chamar* and not from Lat. [clamātrix, īcis]{.smallcaps}, see DCECH (chamariz), DEHLP (chamariz), NDLP (chamariz), and DEM (567)."
clārus,kl,OL,#_,F,clārus,Lat.,claro,NA,OSp.,12,NA,/Ol/,NA,0,"DEEH (583); DRAE (claro); CORDE. REW (1963) considered Sp. and Pt. *claro* to be technical or perhaps learned words (""Buchwort""). DCECH (claro) claimed that Sp. *claro* cannot be considered a learned word or borrowing even though the OL cluster had a conservative evolution: ""Pertenece al segundo estrato de palabras castellanas, con tratamiento retrasado y conservador del grupo inicial CL-, pero no puede considerarse voz culta ni semiculta."" (ibid.). Root or stem reconstruction was attempted for words such as Lat. [clārĕo, clāresco, clārĭfĭco, clārĭfĭcātĭo, clārĭtus, acclāro, inclārus, dēclārātĭo, dēclāro]{.smallcaps}, and [praeclārus]{.smallcaps} (see LS for words containing the root -*clar*-): \*l?ar\*, \*char\*, \*iar\*, \*gar\*, \*yar\* (CORDE, until 1600); sequences containing the change Lat. /are arj ari/ > OSp. /ajr/ > /er/ were only searched in NTLLE."
clārus,kl,OL,#_,F,clārus,Lat.,cllaro,NA,Rib. Arag.,NA,OLPAL,/Oʎ/,NA,1,"Aragonario. Viudas Camarasa (1979) gave the following OArag. forms for the Sp. counterparts: Sp. *aclarar* \~ OArag. *acllarir*, *escllarir*, Sp. *esclarecer* \~ OArag. *entrecllarir*, Sp. *declaración* \~ OArag. *decllaració*, Sp. *declarar* \~ OArag. *decllará*, Sp. *claror* or *claridad* \~ OArag. *cllaror*."
clārus,kl,OL,#_,F,clārus,Lat.,craro,claro,GP,13,RHOT,/Oɾ/,NA,0,"FF (331); DDGM (craro, especially TC); DCECH (claro); DEHLP (claro); DELG (claro-a); TMILG (CSM, TC, XH, HT). REW (1963) considered Sp. and Pt. *claro* to be technical or perhaps learned words (""Buchwort""). DEM (613-4) and DDGM (craro, TC) considered it a (semi) learned word or having been influenced by the most conservative form of the word. Root or stem reconstruction was attempted for words such as Lat. [clārĕo, clāresco, clārĭfĭco, clārĭfĭcātĭo, clārĭtus, acclāro, inclārus, dēclārātĭo, dēclāro]{.smallcaps}, and [praeclārus]{.smallcaps} (see LS for words containing the root -*clar*-): \*char\*, \*cheir\*, \*l?ar\*, \*l?eir\*, \*jar\*, \*jeir\*, \*xar\*, \*xeir\* (i = \<i j y>, j = \<j g>, see ""Asociacións gráficas"" in TMILG) (TMILG; DDD)."
"clārĭtās, -ātis",kl,OL,#_,F,clārus,Lat.,craridades,claridade,GP,13,RHOT,/Oɾ/,NA,0,"DEHLP (claridade); DEM (613-4); DDGM (craridade, especially TC); no information was found in REW (1962-3); DXL (292); cf. DCECH (claro) and DELG (claro-a); DLPC (836); TMILG (CSM, TC, XH, HT). The given sources did not mention that GP *claridade* and *craridade* were Lat. borrowings or learned words. However, given that this word does not appear in REW and that GP *craro* seems to have had a learned or conservative evolution (see *craro* (GP)), GP *craridade* may also have had a conservative or learned evolution or be a later borrowing."
"clārĭtās, -ātis",kl,OL,#_,F,clārus,Lat.,claridad,NA,OSp.,13,NA,/Ol/,BORR?,0,DRAE (claridad); TDHLE (claridad); no information was found on (O)Sp. *claridad* in DEEH; no information was found in REW (1962-3). DCECH (claro) seemed to consider Sp. *claridad* to be a derivational form of Sp. *claro*.
clāva,kl,OL,#_,F,clāva,Lat.,crava,NA,GP,16,NA,/Oɾ/,BORR,0,"Attested in the 16th century in Portuguese (DEHLP: clava; DEM: 576). Attempted root or stem reconstruction for words like Lat. [clāvŭla]{.smallcaps} and [clāvātor]{.smallcaps} (see LS for words containing the root -*clava*- 'club, cudgel, rough stick'): \*chava\*, \*chaua\* (TMILG; DDD)."
clāva,kl,OL,#_,F,clāva,Lat.,clava,NA,Sp.,16,NA,/Ol/,BORR,0,"DRAE (clava). REW (1976) gave Sp. *chabasca* and *chaborra* as inherited words. According to DRAE (chavasca), Sp. *chavasca* is a synonym for Sp. *chasca* 'small firewood', which would have an onomatopoeic origin (similarly in DEEH: 573-4 but cf. DCECH: chamiza). No further etymological information could be found on these inherited words, but the word-initial OL clusters are expected to become /ʎ/ and not /ʧ/ in Spanish. Attempted root or stem reconstruction for words such as Lat. [clāvŭla]{.smallcaps} and [clāvātor]{.smallcaps} (see LS for words containing the root -*clava*- 'club, cudgel, rough stick'): \*l?ava\*, \*l?aua\* (CORDE)."
clāvĭcŭla (1),kl,OL,#_,F,clāvis,Lat.,chauella,"caravilla, cravelha",GP,13,OLPAL,/ʧ/,NA,1,"FF (329); GCLI (232); REW (1979); DCECH (llave); TMILG (VFD); DEHLP (chavelha); DELG (chavella/caravilla). Pt. *cavilha* also comes from Lat. [clavĭcŭla]{.smallcaps} ([\< cavicla]{.smallcaps}) but through an intermediate, maybe Prov., form *cavilha* (cf. REW: 1979; DCECH: cabilla; DEM: 578)."
clāvĭcŭla (2),kl,O(V)L,V_,F,clāvis,Lat.,chauella,"caravilla, cravelha",GP,13,OLPAL,/ʎ/,NA,1,"FF (329); GCLI (232); REW (1979); DCECH (llave); TMILG (VFD); DEHLP (chavelha); DELG (chavella/caravilla). Pt. *cavilha* also comes from Lat. [clavĭcŭla]{.smallcaps} ([\< cavicla]{.smallcaps}) but through an intermediate, maybe Prov., form *cavilha* (cf. REW: 1979; DCECH: cabilla; DEM: 578)."
clāvĭcŭla (1),kl,OL,#_,F,clāvis,Lat.,llavija,"clavija, lavija",OSp.,14,OLPAL,/ʎ/,NA,1,"DCECH (llave); GCLI (232); REW (1979); DEEH (584); CORDE. Sp. *cabilla* also comes from Lat. [clavĭcŭla]{.smallcaps} (\<[cavicla]{.smallcaps}) but through an intermediate, maybe Pt., form *cavilha* (cf. ref. REW and DCECH: cabilla). It is unclear whether *llavija* can be considered dialectal OSp. (from Santander, Soria, etc) or whether it belongs to Astur-Leonese varieties (cf. DEEH: 584; REW: 1979). There are only three examples of *llavija* in CORDE, from the 14th, 19th and 20th centuries. However, as dialectal *lavija* (Burgos, Segovia, Murcia, Andalucia, Extremadura, etc.) seems to come from *llavija* (cf. TDHLE: lavija; DEEH: 584; DRAE: lavija; NTLLE: lavija; DRAE 1970), *llavija* will be considered an OSp. word."
clāvĭcŭla (2),kl,O(V)L,V_,F,clāvis,Lat.,llavija,clavija,OSp.,14,OLPAL,/ʒ/,NA,1,"DCECH (llave); GCLI (232); REW (1979); DEEH (584); CORDE. Sp. *cabilla* also comes from Lat. [clavĭcŭla]{.smallcaps} (\<[cavicla]{.smallcaps}) but through an intermediate, maybe Pt., form *cavilha* (cf. ref. REW and DCECH: cabilla). It is unclear whether *llavija* can be considered dialectal OSp. (from Santander, Soria, etc) or whether it belongs to Astur-Leonese varieties (cf. DEEH: 584; REW: 1979). There are only three examples of *llavija* in CORDE, from the 14th, 19th and 20th centuries. However, as dialectal *lavija* (Burgos, Segovia, Murcia, Andalucia, Extremadura, etc.) seems to come from *llavija* (cf. TDHLE: lavija; DEEH: 584; DRAE: lavija; NTLLE: lavija; DRAE 1970), *llavija* will be considered an OSp. word."
clāvĭcŭla (1),kl,OL,#_,F,clāvis,Lat.,llavija,"llavía, llaviya, llavicha",Montañ. or AL,NA,OLPAL,/ʎ/,NA,1,REW (1979); DEEH (584); DALLA (llavía); DGLA (llavía).
clāvĭcŭla (2),kl,O(V)L,V_,F,clāvis,Lat.,llavija,"llavía, llaviya, llavicha",Montañ. or AL,NA,OLPAL,/ʒ/,NA,1,REW (1979); DEEH (584); DALLA (llavía); DGLA (llavía).
clāvis,kl,OL,#_,F,clāvis,Lat.,llave,NA,OSp.,13,OLPAL,/ʎ/,NA,1,CRC (139); GCLI (230); DCECH (llave); CORDE; DRAE (llave); REW (1981); DEEH (584).
clāvis,kl,OL,#_,F,clāvis,Lat.,cllau,NA,Rib. Arag.,NA,OLPAL,/Oʎ/,NA,1,FF (329); GCLI (231); DEEH (584); Aragonario (llave).
clāvis,kl,OL,#_,F,clāvis,Lat.,chave,NA,GP,13,OLPAL,/ʧ/,NA,1,"GCLI (230); DELG (chave); DEHLP (chave); REW (1981); DEM (576-9); DDGM (chave); TMILG (CSM, TC, VFD); cf. CODOLGA."
conclavāri,kl,OL,C_,F,clāvis,Lat.,conchavarse,NA,OSp.,15,OLPAL,/ʧ/,NA,1,"CRC (270); GCLI (233); DCECH (conchabarse); DEEH (594); cf. CORDE. DRAE (conchabar) and REW (2116a) suggested that Sp. *conchabar* comes from Late Lat. [conclavāre]{.smallcaps} (\< [cum-clavo]{.smallcaps}). Given that Sp. \*conchabar means 'to agree on something, to gather', the etymon more likely originated in Lat. [conclāve]{.smallcaps} '(private) room, chamber' rather than in Lat. [conclavāre]{.smallcaps} 'to nail together' (cf. LS; Georges; OLD), as DCECH argued."
conclavāri,kl,OL,C_,F,clāvis,Lat.,conchavado,NA,Pt.,16,OLPAL,/ʧ/,NA,1,"GCLI (233); DCECH (conchabarse); DDGM (CVGP, conchavado); DELG (conchavello); DEM (576-9). DEHLP (conchavar) and REW (2116a) suggested Late Lat. [conclavāre]{.smallcaps} (\< [cum-clavo]{.smallcaps}) as the etymology. Given that Pt. *conchavar* means 'to agree on something, to gather', the etymon more likely originated in Lat. [conclāve]{.smallcaps} '(private) room, chamber' rather than in Lat. [conclavāre]{.smallcaps} 'to nail together' (cf. LS; Georges; OLD), as DCECH argued."
*clāvaria,kl,OL,#_,F,clāvus,Lat.,chaveiro/a,NA,GP,18,OLPAL,/ʧ/,u.e.,1,"According to REW (1984), Pt. *chaveira* would come from Lat. [clāvus]{.smallcaps}, but DEHLP (chaveira) derived it from Pt. *chave* (DEM: 576 tentatively suggested that GP *chaveira* may be related to GP *chaveiro*, which came from Lat. [clāvis]{.smallcaps}). DCECH (clavo) mentioned that Gal. *chaveiro* or *herba chaveira* 'type of plant' might also come from Lat. [clāvus]{.smallcaps} (DELG: cravo/chaveira; cf. NDLP: chaveira, where Late Lat. [clavelus]{.smallcaps} is tentatively given as etymon for Pt. *chaveira*); see also DDD (chaveiro/chaveira, CVFLG). Even though it is unclear from which etymon GP *chaveiro/a* comes, it seems more probable that the etymon goes back to Lat. [clāvus]{.smallcaps} 'nail, tumor, wart' and not to Lat. [clāvis]{.smallcaps} 'key' (LS, Georges). The reason for this is that Pt. *chaveira* (NDLP, DEHLP) and Gal. *chaveira* (DDD) are often associated with illnesses causing tumor-like growths, such as cysticercosis or Sp. Gal. *lobado* 'tumor affecting animal's chest' ('smallpox' in the case of REW). Pt. *chaveira* seems to be attested in the 17th century (DEHLP: chaveira). Even though there is no medieval documentation, since both Gal. and Pt. seem to have the word *chaveira*, the word will be considered of GP origin."
clāvus,kl,OL,#_,F,clāvus,Lat.,cravo,NA,GP,13,RHOT,/Oɾ/,NA,0,"GCLI (232); cf. DCECH (clavo); DELG (clavo/cravo); DEHLP (cravo); DEM (576-9); DDGM (cravo); TMILG (CSM, TC). REW (1984) considered Pt. *craro* to be a technical or learned word (""Buchwort""). Similarly, DEM (578) argued that GP *cravo* came from Lat. [clāvus]{.smallcaps} through a conservative or learned evolution (""por via culta""). Root or stem reconstruction was attempted for words such as Lat. [clāvŭlus, clāvo, clāvārĭum, clāvātus, conclāvo, praeclāvĭum]{.smallcaps}, and [praeclāvĭum]{.smallcaps} (see LS for words containing the root -*clav*- 'nail'): \*chav\*, \*chau\* (TMILG)."
clāvus,kl,OL,#_,F,clāvus,Lat.,clavos,NA,OSp.,12,NA,/Ol/,NA,0,"GCLI (232); DRAE (clavo); DEEH (584); CORDE. As in the case of Sp. *claro* (see *claro* (OSp.)), DCECH (claro) claimed that Sp. *claro* cannot be considered a learned word or borrowing even though the OL cluster had a conservative evolution: ""Palabra de evolución retrasada, con tratamiento conservador del grupo inicial CL-, pero difícilmente podrá considerarse voz culta ni semiculta."" (ibid.). REW (1984) considered Sp. *claro* a technical or learned word (""Buchwort""). Root or stem reconstruction was attempted for words such as Lat. [clāvŭlus, clāvo, clāvārĭum, clāvātus, conclāvo, praeclāvĭum]{.smallcaps}, and [praeclāvĭum]{.smallcaps} (see LS for words containing the root -clav- 'nail'): \*l?av\*, \*l?au\* (CORDE)."
clāvāre,kl,OL,#_,F,clāvus,Late Lat.,clava,NA,OSp.,13,NA,/Ol/,NA,0,"DCECH (clavo); DRAE (clavar); TDHLE (clavar); DEEH (584); CORDE. According to DCECH (cabruñar), Ast. *cabruñar* comes from *\*clavuñar*, which is a derivational form from *clavar*."
clāvāre,kl,OL,#_,F,clāvus,Late Lat.,clauar,cravar,GP,15,RHOT,/Oɾ/,NA,0,"DELG (clavar); DEHLP (cravar); TMILG (VFD); DELG (clavar). DEM (578) claimed that GP *clauos* was attested in the 12th century. According to DCECH (cabruñar), Gal. *carabuñar* would come from *\*cravuñar*, which is a derivational form of GP *clavar/cravar* (also DELG: cravuñar). Other forms of the word include Gal. *crabuñar* and *cravuñar* (cf. DDD: crabuñar/cravuñar)."
claudĕre,kl,OL,#_,F,claudĕre,Lat.,choyr,NA,GP,13,OLPAL,/ʧ/,NA,1,"FF (287); DCECH (clausura); DELG (choer-se); REW (1967); DDGM (choer/choir/choyr); DEEH (583); TMILG (CSM, THCS); for information on GP *enchoir*, see DDGM (enchoir)."
clausa,kl,OL,#_,F,claudĕre,Lat.,Chouzan,NA,GP,12,OLPAL,/ʧ/,NA,1,"FF (329, 362); GCLI (230); DELG (chousa); DDGM (chousa, especially CVGP and Tato Plaza 1999); cf. DEHLP (chousa); DEM (576); no information was found in REW (1973); CODOLGA; GP *chousa* is also attested in TMILG (e.g., CDMO and VFD, 13th century)."
clausa,kl,OL,#_,F,claudĕre,Lat.,llosa,NA,Ast.,11,OLPAL,/ʎ/,NA,1,"GCLI (230); cf. REW (1973). Apart from Astur-Leonese varieties, all Spanish words that go back to Lat. [claudō]{.smallcaps} are borrowings or learned words (DCECH: clausura). However, *llosa* may have also been present in OSp. dialects (DEEH: 584; Torreblanca 1990). For an approximate date of the inherited form, see DCECH (llosa) and CORDE (OSp. *llosa* in 13th century)."
claustra,kl,OL,#_,F,claudĕre,Lat.,castra,NA,GP,15,NA,/O/,BORR,0,"FF (394); DELG (caustra); DDGM (crasta); REW (1972); DEHLP (claustra); DEEH (584); TMILG (CSMp; GP *caustra* attested in TC). In comparison to the inherited words from Lat. [claudĕre]{.smallcaps}, GP *crastra* or *castra* were quite probably learned words. Regardless of the absence of OL palatalization, Lat. /aw/ should have become GP /ow/ (cf. GCLI: 85-6; FF: 285-9), like in Lat. [aurum]{.smallcaps} > Gal. *ouro* or Lat. [clausa]{.smallcaps} > GP *chousa*. DEM (577) gave GP *chostra* (\< Lat. [clostra]{.smallcaps}, alternative to Lat. [claustra]{.smallcaps}) as an example, but I could not find this inherited form in any other source."
clausūra,kl,OL,#_,F,claudĕre,Lat.,chousura,NA,GP,13,OLPAL,/ʧ/,NA,1,"FF (329); DCECH (clausura); cf. DELG (choer-se/chousa); cf. DEHLP (chousura/chous-); DDGM (chousura); no information was found in REW (1974); TMILG (ROT, CDMO); DEM (577) preferred to derive GP *chousura* from GP *chouso*."
claudĕre,kl,OL,#_,F,claudĕre,Lat.,enlloer,NA,Ast.,NA,OLPAL,/ʎ/,NA,1,"DGLA (enlloer); DALLA (enlloer); GCLI (233) proposed Lat. [inclaudĕre]{.smallcaps} as etymon for Ast. *enlloer*. However, /ʧ/ is the usual outcome for postconsonantal OL cluster in Ibero-Romance (cf. GCLI: 233). For this reason, it is possible that Ast. *enlloer* is a derivational form from Ast. *\*lloer* (\< Lat. [claudĕre]{.smallcaps})."
conclausum,kl,OL,C_,F,claudĕre,Lat.,conchouso,NA,GP,12,OLPAL,/ʧ/,NA,1,"REW (2115); DELG (conchouzo); DEEH (594); see DEM (578) or PMH (*Inquisitiones* V: 679) for the context of the given inherited form; several examples of GP *conchousa* or *conchoouso* are found in TMILG (DTT, MSMDFP)."
"clēmens, -tis",kl,OL,#_,F,"clēmens, -tis",Lat.,clemencia,NA,OSp.,13,NA,/Ol/,BORR?,0,DCECH (clemente); REW (1984a); DRAE (clemente); CORDE.
clērĭcus,kl,OL,#_,F,clērus,Late Lat.,clerigo,NA,OSp.,12,NA,/Ol/,NA,0,CRC (345); GCLI (232); DEEH (584); no information was found in REW (1987). There might be one example of *clerigo* in a Latin document from the 11th century (CORDE). DCECH (clero) seemed to imply that Late Lat. [clērĭcus]{.smallcaps} was introduced into the language at a later time.
clērĭcus,kl,OL,#_,F,clērus,Late Lat.,crego,"crerigo, creligo,",GP,13,RHOT,/Oɾ/,NA,0,"FF (394); CRC (345); GCLI (232); DCECH (clero); DDGM (crerigo, especially TC); TMILG (GP *crerigo* is attested in CSM, and GP *crego* in GHCD/PSVD); DELG (crego); DEHLP (clérigo); DEM (615); no information was found in REW (1987)."
ĭnclīnāre,kl,OL,C_,F,clīnāre,Lat.,enclinar,NA,OSp.,12,NA,/Ol/,BORR,0,"No information on Ibero-Romance was found in REW (4359-60) or in DEEH; DRAE (inclinar). DCECH (inclinar) argued that the Ibero-Romance descendants from Lat. [ĭnclīnāre]{.smallcaps}, even those without nasal loss in Galician-Portuguese, cannot be entirely considered learned words because of the meaning they took in the Middle Ages. However, the preservation of the intervocalic /n/ and the scarcity of old examples with rhotacism compared to the original OL cluster in Galician-Portuguese suggests that Gal. and Pt. *inclinar* (DDGM: enclinar; DEM: 616-7) are learned or literary words that were introduced too late to undergo OL palatalization. Attempted root or stem reconstruction for words like Lat. [clīno]{.smallcaps}, [acclīno]{.smallcaps}, [succlīno]{.smallcaps}, [dēclīnātĭo]{.smallcaps}, [dēclīnis]{.smallcaps}, [dēclīno]{.smallcaps}, [rēclīno]{.smallcaps}, [prōclīno]{.smallcaps}, [condēclīno]{.smallcaps}, [indēclīnābĭlis]{.smallcaps}, [trīclīnĭum]{.smallcaps}, [inclīnābĭlis]{.smallcaps}, [inclīnātĭo]{.smallcaps}, and [inclīnātus]{.smallcaps} (see LS for words containing the root -*clin*-): \*chin\* (for postconsonantal clusters), \*l?in\* (for word-initial and postvocalic clusters),\*gli\* (for possible descendants with lenition), agin\* and \*ogin\* (additional reconstructed forms for Lat. [succlīno]{.smallcaps} and [acclīno]{.smallcaps}) (all these regular expressions were also searched in CORDE with \<j y> instead of \<i>) (CORDE)."
*clīnus,kl,OL,#_,F,clīnāre,Lat.,llen,NA,Cant.,NA,NA,/ʎ/,u.o.,NA,REW (1992); DEEH (584); DCECH (deleznarse) suggested that Ast. *llen* comes from Lat. [lēnis]{.smallcaps}.
ĭnclīnāre,kl,OL,C_,F,clīnāre,Lat.,enclinou,incrinar,GP,13,NA,/Ol/,BORR,0,"No information on Ibero-Romance was found in REW (4359-60); DEHLP (inclinar); DDGM (enclinar, especially TC); TMILG (CSM, TC, TA). DCECH (inclinar) argued that the Ibero-Romance descendants from Lat. [ĭnclīnāre]{.smallcaps}, even those without nasal loss in Galician-Portuguese, cannot be entirely considered learned words because of the meaning they took in the Middle Ages. However, the preservation of the intervocalic /n/ and the scarcity of old examples with rhotacism compared to the original OL cluster in Galician-Portuguese (DDGM: TC, DEM: 616-7) suggests that Gal. and Pt. *inclinar* are learned or literary words that were introduced to late to undergo OL palatalization. Attempted root or stem reconstruction for words like Lat. [clīno]{.smallcaps}, [acclīno]{.smallcaps}, [succlīno]{.smallcaps}, [dēclīnātĭo]{.smallcaps}, [dēclīnis]{.smallcaps}, [dēclīno]{.smallcaps}, [rēclīno]{.smallcaps}, [prōclīno]{.smallcaps}, [condēclīno]{.smallcaps}, [indēclīnābĭlis]{.smallcaps}, [trīclīnĭum]{.smallcaps}, [inclīnābĭlis]{.smallcaps}, [inclīnātĭo]{.smallcaps}, and [inclīnātus]{.smallcaps} (see LS for words containing the root -*clin*-): \*chi\*, \*l?i\*, agi\* and \*ogi\* were reconstructed for Lat. [succlīno]{.smallcaps} and [acclīno]{.smallcaps} (i = \<j y i> in TMILG). No information on Galician or Portuguese was found in REW (77-8, 1990-3)."
clima,kl,OL,#_,F,clima,Lat.,clima,NA,OSp.,13,NA,/Ol/,BORR?,0,DCECH (clima); REW (1989); TDHLE (clima); DRAE (clima); CORDE.
cloāca,kl,OL,#_,F,cloāca,Lat.,cloaga,colaga,OSp.,14,NA,/Ol/,NA,0,"No information on Spanish was found in REW (1994); DEEH (584). According to DCECH (cloaca), OSp. *cloaga* (semi-popular or semi-learned form) is attested already in the 14th century (see TDHLE: cloaga for the context and source) but no examples could be found before the 15th century (cf. CORDE). Sp. *colaga* may also be used in Salamanca, Spain (DCECH; DEEH) (see also *colaga*). Root or stem reconstruction was attempted for words such as Lat. [clŏācŭla, clŏācārĭum]{.smallcaps}, and [cloācāre]{.smallcaps} (see LS for words containing the root -*cloac*-): l?oac\*, l?oag\*, l?uac\*, l?uag\* (also with only \<l> instead of \<l?>) (CORDE)."
cloāca,kl,OL,#_,F,cloāca,Lat.,cloaca,NA,Pt.,16,NA,/Ol/,BORR,0,"DEHLP (cloaca); DEM (619). Root or stem reconstruction was attempted for words such as Lat. [clŏācŭla, clŏācārĭum]{.smallcaps}, and [cloācāre]{.smallcaps} (see LS for words containing the root -*cloac*-): choac\*, choag\*, chuac\*, chuag\* (TMILG)."
cloāca,kl,OL,#_,F,cloāca,Lat.,colaga,NA,Trasm. Pt.,NA,EPEN,/O(V)l/,NA,0,REW (1994); DEEH (584); cf. DEHLP (cloaca) and DEM (619).
cloccaculum (1),kl,OL,#_,F,clocca,Late Lat.,chocallo,NA,Leon.,16,NA,/ʧ/,u.o.,NA,"With the meaning '(cow)bell, earring'; DCECH (chocallo); no information was found in REW (1995). However, DEHLP (choca/chocalho) and DEM (588, choca 1) derived Pt. *chocalho* from Pt. *choca* (similarly, DXL: 276). A different etymology is given in TDHLE (chocallo)."
cloccaculum (2),kl,O(V)L,V_,F,clocca,Late Lat.,chocallo,NA,Leon.,16,NA,/ʎ/,u.o.,NA,"With the meaning '(cow)bell, earring'; DCECH (chocallo); no information was found in REW (1995). However, DEHLP (choca/chocalho) and DEM (588, choca 1) derived Pt. *chocalho* from Pt. *choca* (similarly, DXL: 276). A different etymology is given in TDHLE (chocallo)."
cloccaculum (1),kl,OL,#_,F,clocca,Late Lat.,locajo,NA,Salam.,15,?,/l/,NA,0,"With the meaning '(cow)bell'; DCECH (chocallo); de Castro (2001: 66); no information was found in REW (1995), DEEH (584), CORDE, or TDHLE."
cloccaculum (2),kl,O(V)L,V_,F,clocca,Late Lat.,locajo,NA,Salam.,15,OLPAL,/ʒ/,NA,1,"With the meaning '(cow)bell'; DCECH (chocallo); de Castro (2001: 66); no information was found in REW (1995), DEEH (584), CORDE, or TDHLE."
clocca,kl,OL,#_,F,clocca,Late Lat.,chocas,NA,GP,13,OLPAL,/ʧ/,NA,1,"With the meaning '(cow)bell'; Georges (clocca); DEHLP (choca); no information was found in REW (1995); DELG (choca 2); DDD (choca); DEHLP (choca/chocalho) derived Pt. *chocalho* from Pt. *choca* (also DEM: 588, choca 1; DXL: 276)."
clocca,kl,OL,#_,F,clocca,Late Lat.,llueca,NA,Ast.,NA,OLPAL,/ʎ/,NA,1,With the meaning '(cow)bell'; DCECH (chocallo); DGLA (llueca); DALLA (llueca); DEEH (584).
conclūdĕre,kl,OL,C_,F,claudĕre,Lat.,concluida,NA,OSp.,13,NA,/Ol/,NA,0,Georges (cludo/claudo); CRC (62); DCECH (clausura); DRAE (concluir); TDHLE (concluir); CORDE. DCECH (clausura) seemed to imply that Sp. *concluir* is a learned word.
exclūdĕre,kl,OL,C_,F,claudĕre,Lat.,excludir,excluir,OSp.,15,NA,/Ol/,NA,0,Georges (cludo/claudo); CRC (62); DRAE (excluir); no Ibero-Romance inherited words found in REW (2974); DCECH (clausura) seemed to imply that Sp. *excluir* is a learned word.
exclūdĕre,kl,OL,C_,F,claudĕre,Lat.,excludir,excluir,GP,15,NA,/Ol/,NA,0,"Georges (cludo/claudo); DELG (escluir); DEHLP (excluir); DXL (548); DLPC (1632); no Ibero-Romance inherited words are found in REW (2974). For information on the given inherited form, see DEHLP (excluir). DEM (805) considered GP *excluir* to have had a conservative or learned evolution."
inclūdĕre,kl,OL,C_,F,claudĕre,Lat.,encloír,NA,OSp.,13,NA,/Ol/,NA,0,Georges (cludo/claudo); CRC (62); DRAE (incluir); no information was found in DEEH or REW; DCECH (clausura) seemed to imply that OSp. *encloír* or *incluir* are learned words.
reclūdĕre,kl,OL,V_,F,claudĕre,Lat.,recluir,NA,Sp.,16,NA,/Ol/,BORR?,0,"Georges (cludo/claudo); DEEH (914); DRAE (recluir); no Spanish inherited words were found in REW (7124). DCECH (clausura) seemed to imply that Sp. *recluir* is a learned word. Given that the /d/ suffered lenition and disappeared, it is unexpected that /k/ was not voiced. A preceding /w/ usually blocks voicing (GCLI: 142) but this is not the case in this etymon."
clūnis,kl,OL,#_,"F, check llun as #palatalization?",clūnis,Lat.,llun,lunanca,OSp.,13,OLPAL,/ʎ/,NA,1,"With the meaning 'buttock, haunch' (LS: clunis); DRAE (lunada/lunanca); DEEH (585); no information was found in REW. Apart from the attestations given by DCECH (lunanco) from the 13th and 15th centuries, OSp. *llun* appears once in CORDE with the meaning 'horse rump or haunch'."
clŭpĕa,kl,OL,#_,F,clŭpĕa,Lat.,chopa,NA,Sp.,18,NA,/ʧ/,u.o.,NA,"With the meaning 'king of small (river) fish' (LS and Georges: clupea). It is unclear whether Sp. *chopa* comes from Gal. or Pt. *choupa* (DRAE: chopa; DCECH: chopa I; Roberts 2014: 476) or directly from Lat. [clŭpĕa]{.smallcaps} (TDHLE: chopa; REW: 1998; maybe also DEEH: 585). DCECH suggested that the phonetic development is unexpected for a Spanish word and that Pt. words for fish names were often borrowed into Spanish. In addition, /ʧ/ is the usual outcome for word-initial OL clusters in GP, while /ʎ/ would be expected in Spanish (cf. García-Covelo 2025: 25-33)."
clŭpĕa,kl,OL,#_,F,clŭpĕa,Lat.,choupa,xouba,Gal.,20,OLPAL,/ʧ/,NA,1,"DCECH (chopa I); DDD and TLPGP (xouba/choupa, Ríos Panisse 1977); DXL (278); REW (1998); DELG (xouba/choupa-o-ón); DEEH (585). Gal. *xoubas* is attested in the 18th century (cf. DDD). The evolution of the etymon might have been as follows: Lat. [clŭpĕa]{.smallcaps} > [clupia]{.smallcaps} > *choipa* > GP *choupa* (cf. DCECH: chopa I; DEHLP: choupa; DEM: 593). Some sources claimed that GP *choupa* came from Lat. [salpa]{.smallcaps} (see discussion in DCECH: chopa I; DEM: 593; DDD: choupa). For information on Gal. *xouba*, see DCECH (chopa I), DXL (1275), DDD (xouba)."
clŭpĕa,kl,OL,#_,F,clŭpĕa,Lat.,choupas,NA,Pt.,16,OLPAL,/ʧ/,NA,1,"DCECH (chopa I); TLPGP (choupa, Netto 1949: 114); NDLP (choupa). The evolution of the etymon might have been as follows: Lat. [clŭpĕa]{.smallcaps} > [clupia]{.smallcaps} > *choipa* > GP *choupa* (cf. DCECH: chopa I; DEHLP: choupa; DEM: 593). Some sources claimed that GP *choupa* came from Lat. [salpa]{.smallcaps} (see discussion in DCECH: chopa I; DEM: 593; DDD: choupa)."
clŭpĕus,kl,OL,#_,F,clŭpĕus,Lat.,choupana,choupa,Pt.,16,NA,/ʧ/,u.o.,NA,"With the Lat. meaning 'round shield, protection' (LS and Georges: clupeus/clipeus) and the Pt. and Gal. meaning 'small wooden house or hut' (DEHLP and DDD: choupana); different etymologies in DCECH (chopa II) and DEEH (585, \< Lat. [clŭpĕus]{.smallcaps}), DELG (Gal. *choupana* \< Celt. *\*clop*, Gal. *chopa* \< Lat. [clupea]{.smallcaps}), DEHLP (*choupana* ← *choupo* or Lat. [\*ploppu-]{.smallcaps}), and DXL (278, \< Lat. [pluteu(m)]{.smallcaps}). According to DCECH (chopa II), Sp. *chopa* 'shed in the stern of a ship for the pilot' is either a GP or Basq. borrowing (cf. DEEH: 585). See also DELG (chopo 2) for other possible inherited forms from Lat. [clŭpĕus]{.smallcaps}. DEM (593) left open whether Pt. *choupana* is related to *choupa* (\< Lat. [clŭpĕa]{.smallcaps})."
clyster,kl,OL,#_,F,clyster,Lat.,cristel,NA,OSp.,13,NA,/Oɾ/,BORR,0,DCECH (clister); DRAE (clister); TDHLE (cristel); CORDE.
coagŭlum,gl,O(V)L,V_,F,cōgere,Lat.,quajo,NA,OSp.,13,OLPAL,/ʒ/,NA,1,"CRC (102, 440, 540); Georges (coagulum); REW (2006); Mozarab. *quwályo* is already attested in the 12th century (DCECH: cuajo); CORDE."
coagŭlum,gl,O(V)L,V_,F,cōgere,Lat.,quallo,NA,GP,13,OLPAL,/ʎ/,NA,1,DELG (coallar-se); TMILG (FCR); cf. DEHLP(coalho) and REW (2006). The modern form seems to be Gal. *callo* (DRAG) but there are other geographically used forms like Gal. *coallo* and *cuallo* (TLPGP).
cŏnchŭla,kl,O(V)L,C_,F,cŏncha,Late Lat.,concha,NA,OSp.,12,OLPAL,/ʧ/,NA,1,"CRC (259, 269); GCLI (282); DCECH (concha); DRAE (concha); REW (2113); CORDE. As a toponym, it is already attested in the 11th century (see DCECH: concha; cf. CORDE); see DCECH (caracol) for a possible origin in the Lat. root [cŏncha]{.smallcaps}."
cŏnchŭla,kl,O(V)L,C_,F,cŏncha,Late Lat.,concha,NA,GP,14,OLPAL,/ʧ/,NA,1,"FF (330); GCLI (282); REW (2113); DDGM (concha); TMILG (MS, VFD in 14-15th centuries); DELG (concha 1). DCECH (concha) and DEM (648) provided one example from the 14th century; see DELG (caracol), DXL (233) or DEM (500-1) for a possible origin in the Lat. root [cŏncha]{.smallcaps}."
cŏnchŭla,kl,O(V)L,C_,F,cŏncha,Late Lat.,cuenya,NA,Ast.,NA,OLPAL,NA,NA,1,GCLI (282); DCECH (concha); DGLA (cuandia).
coacŭla,kl,O(V)L,V_,F,coacŭla,Lat.,coalla,NA,Sp.,17,NA,/ʎ/,BORR?,0,"CRC (438); DEEH (585); DRAE (coalla); no etymological information was found in TDHLE (coalla). DCECH (coalla) argued that Lat. [coacŭla]{.smallcaps} would not explain Cat. *guatlla* or Gascon *catla*, which are cognates with Sp. *coalla* and Fr. *caille*, and added that it could be an Italian borrowing. REW (2004) preferred to consider it a Prov. borrowing. /ʎ/ is an unexpected outcome, since /ʒ/ is the usual result of secondary postvocalic clusters in Old Spanish (cf. García-Covelo 2025: 25-33). Consequently, it is probable that Sp. *coalla* is a borrowing."
coagŭlāre,gl,O(V)L,V_,F,coagŭlum,Late Lat.,cuajada,NA,OSp.,13,OLPAL,/ʒ/,NA,1,CRC (114); GCLI (279); DCECH (cuajo); REW (2005); CORDE.
coagŭlāre,gl,O(V)L,V_,F,coagŭlum,Late Lat.,quallado,NA,GP,14,OLPAL,/ʎ/,NA,1,"FF (395); GCLI (279); DCECH (cuajo); DELG (callar/coallar-se); cf. REW (2005), DEHLP (coalhar) and NDLP (coalhar); TMILG (CT); the modern word is Gal. *callar* (DRAG, TLPGP)."
"cochlear, -āris",kl,OL,V_,F,"cochlear, -āris",Lat.,culiares,NA,GP,10,OLPAL?,/ʎ/,NA,?,"FF (354); DCECH (cuchara); REW (2012); DELG (cuchara/cullar); DXL (368); DEHLP (colher); DDGM (colher, TC); CODOLGA. Given that hiatuses became diphthongs in Late Latin and that Lat. /i e/ became Late Lat. /j/, it is unclear whether the palatalization of the cluster or of the lateral actually came from OL palatalization or from /lj/ > /ʎ/. Compare: Lat. [arānĕa]{.smallcaps} > Sp. Gal. *araña*, Lat. [vīnĕa]{.smallcaps} > Sp. Gal. *viña*, Lat. [cŭnĕus]{.smallcaps} > Sp. Gal. *cuño*, Lat. [castanĕa]{.smallcaps} > Sp. Gal. *castaña*, or Lat. [līnĕa]{.smallcaps} > Sp. Gal. *liña* (Penny 2002: 49-50,60-5; FF: 272-3, 350-3; cf. DRAG and DRAE)."
"cochlear, -āris",kl,OL,V_,F,"cochlear, -āris",Lat.,cuchar,NA,OSp.,13,OLPAL?,/ʧ/,NA,?,"GCLI (278); DCECH (cuchara); DRAE (cuchar 1); REW (2012); TDHLE (cuchara/cuchar); CORDE. /ʧ/ is an unusual outcome in this context, since it is only the usual outcome of postconsonantal OL clusters in (Old) Spanish (cf. García-Covelo 2025: 25-33) (see *culiares* (GP))."
"cochlear, -āris",kl,OL,V_,F,"cochlear, -āris",Lat.,culiare,NA,Leon.,10,OLPAL?,NA,NA,?,DCECH (cuchara); cf. Ast. *cuyar* (GCLI: 278; DALLA: cuyar; DGLA: cuyar) (see *culiares* (GP)).
complĕxus,pl,OL,C_,F,complector,Lat.,complejos,NA,OSp.,15,NA,/Ol/,BORR,0,DCECH (complejo); DRAE (complejo); Georges (complexus); CORDE.
*conjŭngŭla,gl,O(V)L,C_,F,conjŭngĕre,Late Lat.,coyunda,NA,OSp.,13,?,/O/,NA,0,"CRC (259, 269); DCECH (sencillo/uncir); REW (2150-1); DRAE (coyunda); TDHLE (coyunda); DEEH (596); CORDE. /ng(V)l/ seems to have resulted in a variety of outcomes, not only in Spanish, but also in other Romance varieties. The evolution Lat. /ngl/ > Sp. /nd/ seems to have been rather common: apart from Late Lat. [\*conjŭngŭla]{.smallcaps} > OSp. *coyunda*, other examples are Late Lat. [\*spongula]{.smallcaps} > Sp. *espundia*, Lat. [sĭngŭlos]{.smallcaps} > Sp. *sendos* (see *seños* (OSp.)) (cf. DCECH: sencillo/uncir; García de Diego 1925: 7). A similar development can perhaps be found in Nav. *cendea* (\< Lat. [cĭngŭlum]{.smallcaps} and in Sp. *escand(i)a* (\< Lat. [scandŭla]{.smallcaps}) (ibid.). García de Diego (1925: 7) gave several possible reasons for the outcome variety in /ng(V)l/: geographical circumstances, different sound change chronology, etc."
contemplātio,pl,OL,C_,F,tĕmplum,Lat.,contemplación,NA,OSp.,13,NA,/Ol/,BORR,0,DCECH (contemplar); Georges and LS (contemplor/contemplatio); DRAE (contemplación); cf. CORDE.
*cornĭcŭla,kl,O(V)L,V_,F,cornix,Lat.,corneja,NA,OSp.,12,OLPAL,/ʒ/,NA,1,"CRC (438, 447); DCECH (corneja); REW (2238); DEEH (601-2); CORDE."
*cornĭcŭla,kl,O(V)L,V_,F,cornix,Lat.,cornelha,NA,GP,13,OLPAL,/ʎ/,NA,1,"DDGM (cornella/cornelha, especially TC); DEEH (601-2); DEM (679); no information on the Gal. or Pt. forms was found in REW (2238); TMILG (LP, TC); see DDD (cornella, TC) for the context and source of the given inherited form."
cornĭcŭlum,kl,O(V)L,V_,F,cornū,Lat.,cornello,NA,Gal.,19,OLPAL,/ʎ/,NA,1,DELG (cornecelo/conella); DEHLP (cornelho); DEM (680); DEEH (602); DDD (cornello); TLPGP (cornello/cornelho); no information on Ibero-Romance forms was found in REW (2239).
cornĭcŭlum,kl,O(V)L,V_,F,cornū,Lat.,cornelho,NA,Pt.,19,OLPAL,/ʎ/,NA,1,DEHLP (cornelho); DEM (680); TLPGP (cornello/cornelho); DEEH (602); no information on Ibero-Romance forms was found in REW (2239).
cornĭcŭlum,kl,O(V)L,V_,F,cornū,Lat.,cornijal,NA,OSp.,14,OLPAL,/ʒ/,NA,1,DEEH (602); DRAE (cornijal); DCECH (cuerno); no information on Ibero-Romance forms was found in REW (2239); CORDE.
cornĭcŭlus,kl,O(V)L,V_,F,cornus,Lat.,cornejo,NA,Sp.,17,NA,/ʒ/,u.o.,NA,DEEH (602); DRAE (cornejo). TDHLE (cornejo) and DCECH (cornejo) seemed to suggest that Sp. *cornejo* is a derivational form from [cornus]{.smallcaps}.
*crīnĭcŭla,kl,O(V)L,V_,F,crinis,Lat.,criznejas,NA,Sp.,16,NA,/ʒ/,u.o.,NA,"CRC (438, 446); Roberts (2014: 446); DEEH (608); CORDE. DRAE (crizneja) and TDHLE (crizneja) gave Lat. [crinis]{.smallcaps} as the etymology. DCECH (crizneja) suggested that both Lat. \*[crīnĭcula]{.smallcaps} and Lat. \*[crinicella]{.smallcaps} are possible etymologies for Sp. *crizneja*."
*crīnĭcŭla,kl,O(V)L,V_,F,crinis,Lat.,crenchas,NA,Pt.,16,OLPAL,/ʧ/,u.e.,1,"DCECH (crencha); DEHLP (crencha); DEM (698); DELG (crecha); DDGM (crencha, CVGP attested in *Auto da Lusitânia*); DEM (698); REW (2328) gave Lat. [crĭspŭlus]{.smallcaps} as the etymology for Gal. *crencho* and Sp. and Pt. *crencha*, but DEEH (607) preferred Lat. [\*creniculāre]{.smallcaps}."
*crīnĭcŭla,kl,O(V)L,V_,F,crinis,Lat.,crenchas,NA,Gal.,16-17,OLPAL,/ʧ/,u.e.,1,"DCECH (crencha); DEHLP (crencha); DEM (698); DELG (crecha); REW (2328) gave Lat. [crĭspŭlus]{.smallcaps} as the etymology for Gal. *crencho* and Sp. and Pt. *crencha*, but DEEH (607) preferred Lat. [\*creniculāre]{.smallcaps}; see DDGM (crencha, CVGP) for the context and source of the given inherited form."
*crīnīcŭlāre,kl,O(V)L,V_,F,crinis,Lat.,crencha,NA,OSp.,15,NA,/ʧ/,u.o.,NA,"No etymological information was found in DRAE (crenchar); CORDE. DCECH (crencha) claimed that OSp. *crencha* could only come from Lat. [crīnĭcula]{.smallcaps} if it was borrowed from Portuguese. However, as the Spanish word is attested approximately 150 years earlier, DCECH also suggested the etymology Lat. [\*crīnīcŭlāre]{.smallcaps} > OSp. *crenchar* → *crencha*. REW (2328) gave Lat. [crĭspŭlus]{.smallcaps} as the etymology for Gal. *crencho* and Sp. and Pt. *crencha*. Roberts (2014: 442) gave no etymology (origin uncertain), TDHLE (chencha) preferred Lat. [crenae]{.smallcaps} as the etymon, and DEEH (607) preferred Lat. [\*creniculāre]{.smallcaps}."
cunĭcŭlus,kl,O(V)L,V_,F,cunĭcŭlus,Lat.,coneio,NA,OSp.,13,OLPAL,/ʒ/,NA,1,CRC (438); GCLI (278); DCECH (conejo); REW (2397); DEEH (614); CORDE.
cunĭcŭlus,kl,O(V)L,V_,F,cunĭcŭlus,Lat.,cõelio,coenlo,GP,12,OLPAL,/ʎ/,NA,1,"FF (354); GCLI (278); TMILG (GP *cõello* is attested in CSM and DGS13-16); DELG (coello); DEHLP (coelho); see DEM (627) or PMH (*Leges* III: 422) for the context of the given inherited form. Both *coenllo* and *coello* are accepted forms for 'rabbit' in Galician (cf. DDD: coenllo; DRAG: coello), but *coello* is more widely used (cf. TLPGP: coello/coenllo). Mir. *cuneilho* (GCLI: 278)."
curculiunculus,kl,O(V)L,C_,"F, etymon",curculio,Lat.,caruncho,NA,Pt.,16,OLPAL,/ʧ/,u.e.,1,"DCECH (Pt. *caruncho* \< [\*cŭriŭnclu]{.smallcaps} \< [\*curcuriunclu]{.smallcaps} \< Lat. [curculiunculus]{.smallcaps}); DEEH (559-60, \< [\*cariŭncŭla]{.smallcaps}); REW (1677, [\< Lat. carbŭnculus]{.smallcaps}) and REW (1692, \< Lat. [caries]{.smallcaps}); DEHLP (Pt. *caruncho* \< [\*cŭriŭnclu]{.smallcaps}); DEM (501). DLPC (718) claimed that Pt. *caruncho* is a Spanish borrowing. The approximate meaning of the Gal. and Pt. forms is 'woodworm, ergot affecting cereals' but the Latin meaning varies depending on whether the etymon came from Lat. [caries]{.smallcaps} 'decay, dry-rot' or Lat. [curculio]{.smallcaps} 'corn-worm, weevil' (LS: caries/curculio). The etymology of this etymon is unclear. However, it was taken into account in García-Covelo's (2025) corpus analysis because all the possible etymologies contain the cluster -ncul-."
curculiunculus,kl,O(V)L,C_,F,curculio,Lat.,caruncho,NA,Gal.,19,OLPAL,/ʧ/,u.e.,1,"DCECH (Gal. *caruncho* \< [\*cŭriŭnclu]{.smallcaps} \< [\*curcuriunclu]{.smallcaps} \< Lat. [curculiunculus]{.smallcaps}); DEEH (559-60, \< [\*cariŭncŭla]{.smallcaps}); REW (1677, [\< Lat. carbŭnculus]{.smallcaps}) and REW (1692, \< Lat. [caries]{.smallcaps}); DELG (Gal. *caruncho* \< [\*cariŭncŭlu]{.smallcaps}); DEHLP (Pt. *caruncho* \< [\*cŭriŭnclu]{.smallcaps}); DXL (245) (\< [\*cŭriŭnclu]{.smallcaps}). The approximate meaning of the Gal. and Pt. forms is 'woodworm, ergot affecting cereals' but the Latin meaning varies depending on whether the etymon came from Lat. [caries]{.smallcaps} 'decay, dry-rot' or Lat. [curculio]{.smallcaps} 'corn-worm, weevil' (LS: caries/curculio). The etymology of this etymon is unclear. However, it was taken into account in García-Covelo's (2025) corpus analysis because all the possible etymologies contain the cluster -ncul-."
cŭrrĭcŭlum,kl,O(V)L,V_,F,currĕre,Lat.,carrejo,NA,OSp.,14?,OLPAL,/ʒ/,NA,1,"Georges (curriculum); DRAE (carrejo); TDHLE (carrejo); DEEH (616). Also Alav. and Sant. *carrejo* and Leon. (Bierzo region) *corrillo* (DCECH: corral; REW: 2415a). It is unclear whether the two instances of OSp. *carrejo* before the 19th century (two instances in a 1352 document, see Hernández 1866 in CORDE) had the meaning 'corridor, hallway'. Were that not to be the case, the first attestation would be in the 19th century (cf. CORDE)."
cŭrrĭcŭlum,kl,O(V)L,V_,F,currĕre,Lat.,curriellu,NA,Ast.,NA,OLPAL,/ʎ/,NA,1,Georges (curriculum); DGLA (curriellu); DALLA (corriellu); DCECH (corral); cf. REW (2415a).
*ĭndēbĭlis,bl,O(V)L,V_,F,dēbĭlis,Late Lat.,endeble,NA,Sp.,17,NA,/Ol/,BORR?,0,"DRAE (endeble); DEEH (630, 740); no information on Spanish was found in REW (4369); DCECH (endeble) and CRC (433) preferred to consider Sp. *endeble* to be as a Fr. borrowing."
dĭscĭpŭlus,pl,O(V)L,V_,F,dīscĕre,Lat.,deciplos,di(s)ciplos,OSp.,13,NA,/Ol/,BORR?,0,"DCECH (discípulo); CORDE. There is no lenition of /p/ but the syncope of the intervocalic vowel is fairly common in the text (cf. CORDE), in contrast to the Galician-Portuguese evidence where syncope is rare (see *dicipolos* (GP)). Furthermore, there is often the change Lat. /i/ > OSp. /e/ and Lat. /u/ > OSp. /o/. The status of this word as borrowing is, as a result, unclear. The modern word is Sp. *discípulo*."
dĭscĭpŭlus,pl,O(V)L,V_,F,dīscĕre,Lat.,dicipolos,NA,GP,13,NA,/O(V)l/,BORR,0,"DEM (786); DDGM (discipulo); DELG (disciplina); DEHLP (discípulo). GP *discipllo* is attested in the 15th century but the grapheme \<ll> probably represented /l/ and not /ʎ/ (cf. HGP: 494-97); TMILG (GP *discipulos* is also attested in CSM, GP *dicipulus* in CI). As there is no lenition of /p/ or /l/, this word is probably a direct Latin borrowing, even if the word was introduced a long time ago."
diabŏlus,bl,O(V)L,V_,F,diabŏlus,Late Lat.,diaboo,"diaño, diabro, diacho, dialho",GP,13,"-SINC, RHOT",/O(ɾ)/,NA,0,"With the meaning 'devil'; FF (222) (same source CSM); REW (2622); DELG (diabo); DEM (777); DDGM (diabro, especially TC); DEHLP (diabo); TMILG (GP *diaboos, diabos, diabres, diablos* are attested in CSM, GP *diaboo* in TC, GP *diabro* in XH). Gal. and Pt. forms like *diaño* or *dialho* are probably not the result of OL palatalization but euphemisms used to avoid using a taboo word (cf. DCECH: diablo; DEHLP: diabo; DDGM: TC)."
diabŏlus,bl,O(V)L,V_,F,diabŏlus,Late Lat.,diablo,"dianche, diaño",OSp.,13,NA,/Ol/,NA,0,"CRC (236, 433); REW (2622); DRAE (diablo/diaño/dianche); DEEH (629); OSp. *diábolo* is already attested in the 10th century (DCECH: diablo). OSp. *diaño* or *dianche* were probably not a result of OL palatalization but euphemisms used to avoid using a taboo word (cf. DCECH: diablo; DEHLP: diabo; DDGM: TC). See DGLA (diañu), DCECH (diablo), and DALLA (diañu) for information on Ast. *diañu*, where palatalization is probably also due to the avoidance of Ast. *diablu*."
díflà,fl,OL,V_,F,díflà,Arab.,adelfa,NA,OSp.,13,META,/lO/,u.e.,0,DCECH (adelfa); DEEH (630); DRAE (adelfa); TDHLE (adelfa).
díflà,fl,OL,V_,F,díflà,Arab.,adelfa,NA,Pt.,18,META,/lO/,u.e.,0,DCECH (adelfa); DEEH (630); DEM (75).
dŭplāre,pl,OL,V_,F,dŭplus,Lat.,dobrava,dublados,GP,9,"LEN, RHOT",/Oɾ/,NA,0,"GCLI (234); DELG (dobre/dobro-a); DCECH (dos); DEHLP (dobrar); DDGM (dobrar, especially TC); REW (2800); DEEH (636); DELG (dobro-a); GP *dublados* is attested in the 9th century (see DEM: 790; DDGM); TMILG (CSM, LP, TC)."
dŭplāre,pl,OL,V_,F,dŭplus,Lat.,doblado,NA,OSp.,12,LEN,/Ol/,NA,0,GCLI (234); DCECH (dos); REW (2800); DEEH (636); DRAE (doblar); TDHLE (doblar); CORDE.
dŭplus,pl,OL,V_,F,dŭplus,Lat.,doblo,doble,OSp.,12,LEN,/Ol/,NA,0,"DEEH (636); DRAE (doblo); TDHLE (doblo/doble); Roberts (2014: 561); CORDE. For further information on Sp. *doble*, see DRAE (Sp. *doble* \< Lat. [duplex]{.smallcaps}; [-icis]{.smallcaps}), REW (2802), and DCECH (dos). REW (2802) considered Sp. *doble* to be a technical or learned word (""Buchwort""). DCECH (dos) mentioned that OSp. *doblo* is only attested as a legal term or as currency name, so that OSp. *doblo* could be a partial adaptation of the OSp. learned word *duplo*."
dŭplus,pl,OL,V_,F,dŭplus,Lat.,dobro,dublo,GP,13,"LEN, RHOT",/Oɾ/,NA,0,"DEHLP (dobro/dobre); DDGM (dobro); DELG (dobro-a); DEM (790). GP *dublo* is attested in the 10th century (see DDGM: dobro, TC and CVGP; or PMH, *Diplomata et Chartae* I: 29); cf. TMILG (TC, CDMO). REW (2802) considered Pt. *doble* to be a technical or learned word (""Buchwort""). Tato Plaza (1999), following DCECH (dos), suggested that GP *dobro* could be a partial adaptation of the GP learned word *duplo* because GP *dobro* is only attested as a legal term."
dŭplĭcāre,pl,OL,V_,F,dŭplus,Lat.,doblegela,NA,OSp.,13,LEN,/Ol/,NA,0,"With the meaning 'to bend or bow, to double' (LS: duplico); DRAE (doblegar); DEEH (636); TDHLE (doblegar); Roberts (2014: 561); no information on Spanish inherited words was found in REW (2801). DCECH (dos) argued that Sp. *doblegar* may be a 15th-century Cat. borrowing due to the lack of this word in GP and the late attestation date in Spanish. However, there are multiple examples of OSp. *doblegar* before the 15th century (cf. CORDE)."
eclēsĭa,kl,OL,V_,F,ecclēsĭa,Late Lat.,eglesia,ilesia,OSp.,9,"LEN, DEL",/O(l)/,NA,0,"Lat. [ecclēsia]{.smallcaps} > Late Lat. [eclēsia]{.smallcaps} (cf. DCECH: iglesia; REW: 2823); CRC (214, 481, 498, 530); GCLI (234); DRAE (iglesia); DEEH (638); cf. CORDE (few instances of OSp. *elesia(s)* are attested in the 14th century). DCECH (iglesia) considered Sp. *iglesia* a semi-learned inherited word (""descendiente semiculto""). Attempted root or stem reconstruction for words like Lat. [ecclēsĭŏla]{.smallcaps} and [ecclēsĭastĭcus]{.smallcaps} (see LS for words containing the root -*eccles*-): \*chesi\*, \*llesi\*, \*xesi\* (s = \<s ç>, i = \<j i y>) (cf. CORDE)."
eclēsĭa,kl,OL,V_,"F (light highlight, eigreja als inherited_form?)",ecclēsĭa,Late Lat.,egleja,"eigreja, eyreja",GP,10,"LEN, DEL, RHOT",/O(ɾ)/,NA,0,"Lat. [ecclēsia]{.smallcaps} > Late Lat. [eclēsia]{.smallcaps} (cf. DCECH: iglesia; REW: 2823); FF (333, 361); GCLI (234); DEHLP (igrexa); DEM (1207-8); TMILG (GP *eigreja, egreja, yreja*, and *igreja* are also attested in 13th-century CSM, GP *igreja* in LP, and GP *eyreja* in VFD); DDGM (eglleia/igreja: CVGP, TC, CSM); DELG (eirexa); DDD (eirexa). DEHLP (igrexa) described the evolution /kl/ > /gɾ/ as semi-learned ecclesiastical influence. Attempted root or stem reconstruction for words like Lat. [ecclēsĭŏla]{.smallcaps} and [ecclēsĭastĭcus]{.smallcaps} (see LS for words containing the root -*eccles*-): \*l?esi\*, \*chesi\*, \*jesi\* and \*jesy\* (s = \<s ç ſ σ>, i = \<j i y>, j = \<j g>, see ""Asociacións gráficas"" in TMILG). Several instances of GP *egllesia, igllesia*, etc., written with \<ll>, are attested (TMILG: OMOM, LCS, LCP, etc.; see also DDGM: eglleia/igreja). However, this should not be understood as evidence of OL palatalization, as /l/ could be written both as \<l> and \<ll> (HGP: 494-97). The following front vowel could have also conditioned the presence of the \<ll> grapheme. For information on GP *frigesia, fregesia* (Lat. [fīlius ecclēsiae]{.smallcaps}) posibly containing a post-alveolar segment, see *feegres* (GP)."
eclēsĭa,kl,OL,V_,F,ecclēsĭa,Late Lat.,ilesia,NA,Ast.,NA,LEN/DEL,/l/,NA,0,Lat. [ecclēsia]{.smallcaps} > Late Lat. [eclēsĭa]{.smallcaps}; GCLI (234); DGLA (ilesia); DCECH (iglesia).
ec(c)lesĭŏla,kkl,OL,V_,F,ecclēsĭa,Late Lat.,ygreioa,Eirexúa,GP,13,"LEN, RHOT, DEL",/O(ɾ)/,u.e.,0,"Lat. [ecclēsia]{.smallcaps} > Late Lat. [eclēsia]{.smallcaps}; FF (184, also cf. 130-131); DELG (eirexa); cf. DEHLP (igrejola); TMILG (GP *Irijoa* and *Igreioa* attested in MSCDR, 13th and 15th centuries). Most sources gave Late Lat. [ecclesĭŏla]{.smallcaps} as etymon, with a geminate stop. However, given that /k:/ underwent voicing like in GP *eigreja/egleja* (\< Lat. [eclēsĭa]{.smallcaps}), then either /k:/ became short or the original consonant was influenced by GP *eigreja/egleja*."
fīlius e(c)clēsiae,kkl,OL,V_,F,ecclēsĭa,Late Lat.,feligres,NA,OSp.,13,"LEN, RHOT",/Oɾ/,u.e.,0,"DCECH (feligrés); DRAE (feligrés); DEEH (680); REW (3303); CORDE. Most sources provided Lat. [fīlius ecclēsiae]{.smallcaps} as the etymon, with a geminate stop. However, given that /k:/ underwent voicing like in OSp. *iglesia* (\< Late Lat. [eclēsĭa]{.smallcaps}), then either /k:/ became short or the original consonant was influenced by OSp. *iglesia*."
fīlius e(c)clēsiae,kkl,OL,V_,F CHECK,ecclēsĭa,Late Lat.,feegres,"fiigresses, frigesia, friguesia",GP,13,"LEN, RHOT",/O(ɾ)/,u.e.,0,"DCECH (feligrés); CVGP (186); TMILG (CSM, CDMO); REW (3303); DELG (freigués); DEHLP (freguês); DEM (1030); DDGM (fregesia/freges/fiigresia/freigesía). GP *filiigleses* and *fiigrigia* are already attested in the 10th, and GP *feligreses* in the 12th century (cf. DCECH; CVGP; DDGM: Tato Plaza 1999). There is one example of GP *frigiesia* in the 14th century (TMILG: MB) and numerous examples of GP *fre(e)gesya*, *fri(i)gesya* and other similar forms (TMILG: PRMF, MSCDR, SVP, LTP, 14-15th centuries) such as GP *friigesia, fregesia, freygesia, frigesia*, and *frigiesia* (TMILG: CDMO, MSCDR, ROT, GHCD, and MB, among others, 13th-15th centuries; see also DDGM: fregesia/freges). \<g> could refer to /g/ or /ʤ ʒ/. In the case of representing /ʤ ʒ/, it may not be the result of OL palatalization since the result of Lat. /VgeV/ in Galician-Portuguese could also be /ʤ ʒ/ (cf. GCLI: 244-246; FF: 325-6, 333-4). Most sources provided Lat. [fīlius ecclēsiae]{.smallcaps} as the etymon, with a geminate stop. However, given that /k:/ underwent voicing like in GP *eigreja/egleja* (\< Late Lat. [eclēsĭa]{.smallcaps}), then either /k:/ became short or the original consonant was influenced by GP *eigreja/egleja*."
eclipsis,kl,OL,V_,F,eclipsis,Lat.,cris,NA,Sp.,17,RHOT,/Oɾ/,NA,0,"DCECH (eclipse/clisos); DEEH (638); DRAE (eclipse); cf. CORDE. According to DCECH (eclipse), Sp. *eclipse* is a learned word (or perhaps borrowing) and Sp. *cris* is a more popular, though probably not entirely inherited, form (cf. REW: 2826)."
eclipsis,kl,OL,V_,F,eclipsis,Lat.,crys,NA,GP,15,RHOT,/Oɾ/,NA,0,"DCECH (eclipse); DDD (cris); DEHLP (cris/eclipse); DELG (eclipse); for the context and source of the given original form, see DEM (705). REW (2826) only gave one inherited word from Lat. [eclipsis]{.smallcaps} apart from Pt. *cris* and both are considered learned or technical words (""Buchwörter"")."
eclipsis,kl,OL,V_,F,eclipsis,Lat.,elisar,NA,AL,NA,LEN/DEL,/l/,NA,0,DCECH (eclipse/clisos); DGLA (clisar/clis); DALLA (clis/clisar).
exĕmplum,pl,OL,C_,F,exĭmĕre,Lat.,enssiemplo,"exiemplo, enxiemplo, exemplo",OSp.,12,NA,/Ol/,NA,0,"DEEH (655); no information on Spanish was found in REW (3003). CRC (495) and DCECH (ejemplo) described OSp. *enssiemplo* or *enxiemplo* as semi-learned words (""palabra semiculta""), which were then replaced by the more conservative form: OSp. *exemplo* > Sp. *ejemplo*. This means that the word was borrowed from Latin but still underwent some sound changes, but not all of those common in inherited words. In the given examples, there is diphthongization of Lat. /e/, which is the usual evolution in Spanish (cf. CORDE). The modern word, Sp. *ejemplo*, is more faithful to the Latin form."
exĕmplum,pl,OL,C_,F,exĭmĕre,Lat.,exempro,"emxemplo, eixẽplo, enxẽplo",GP,13,RHOT,/Oɾ/,NA,0,"FF (408); DELG (exemplo); DEHLP (exemplo); no information on Galician-Portuguese was found in REW (3003); see DDGM (exemplo, especially TC and CVGP for the context and source of the given inherited form); TMILG (all given forms are attested in TC; GP *enxẽplo, emxẽplo* and *enxemplo* are also attested in XH). It is unclear if DEM (820) only described GP *exemplo* as a learned word or all forms from [exĕmplum]{.smallcaps} (ibid.)."
*explicitāre,pl,OL,C_,F,explĭcāre,Lat.,espreita,NA,GP,13,RHOT,/Oɾ/,u.e.,0,"DCECH (explotar); TMILG (CSM, also LP and GHCD); DDGM (espreitar); DEHLP (espreit-). DELG (espreitar) preferred the etymology Lat. [spectāre]{.smallcaps} > Gal. *espreitar*, and REW (3053) claimed that Pt. *espreitar* is a borrowing from Prov. *espleitar*. DEEH (658) preferred the given etymology [\*explicitāre]{.smallcaps} but acknowledged that GP *espreitar* could be a Prov. borrowing. The lack of voicing of /t/ is noteworthy but it could be explained with the following evolution: Lat. [\*explicitāre]{.smallcaps} > [\*explictāre]{.smallcaps} > GP *espreitar* (DEHLP: espreitar; DEM: 897)."
fabŭla,bl,O(V)L,V_,F,fabŭla,Lat.,fabla,NA,OSp.,12,NA,/Ol/,NA,0,"GCLI (281); DCECH (hablar); Roberts (2014: 6 (II)); DEEH (665); DRAE (habla); cf. CORDE. REW (3124-5) preferred to derive OSp. *habla* from OSp. *hablar*, and not from Lat. [fabŭla]{.smallcaps}."
fabŭla,bl,O(V)L,V_,F,fabŭla,Lat.,fala,NA,GP,13,LEN,/l/,NA,0,"GCLI (281); TMILG (LP, CSM); DDGM (fala, especially TC); DEEH (666); DELG (falar). DEHLP (fala), DEM (945) and REW (3124-5) preferred to derive GP *fala* from GP *falar*. See DCECH (hablar) or DDGM (ibid.) for a possible etymological difference between GP *fala* 'story, tale' (\< Lat. [fabŭla]{.smallcaps}) and GP *fala* 'speech, voice, conversation' (← GP *falar*)."
fabŭlāri,bl,O(V)L,V_,F,fabŭla,Lat.,falaren,NA,GP,12-13,LEN,/l/,NA,0,"Lat. [fabŭlāre]{.smallcaps} is also a possible etymon; DCECH (hablar); cf. REW (3125); DELG (falar); DEHLP (falar); DDGM (falar); TMILG (GP *falar*, among other forms, is attested in LP, CSM and TC); for the context and source (PMH, *Leges* VI: 813) of the given inherited word, see DEM (944-5)."
fabŭlāri,bl,O(V)L,V_,F,fabŭla,Lat.,fablar,NA,OSp.,12,NA,/Ol/,NA,0,"CRC (433); REW (3125, \< Lat. [fabŭlāre]{.smallcaps}); Roberts (2014: 6 (II)); DRAE (hablar); DEEH (666); cf. CORDE. OSp. *fabulado* is also attested in the 12th century (DCECH: hablar)."
facŭla,kl,O(V)L,V_,F,"fax, -cis",Lat.,faja,facha,OSp.,13,OLPAL,/ʒ/,NA,1,"With the meaning '(little) torch' in Spanish and Latin (LS: facula; DEEH: 667); CRC (438); TDHLE (acha); DCECH (ajar); cf. CORDE. OSp. *facha* could come from Lat. [\*fascŭla]{.smallcaps}, which is the result of Lat. [facŭla]{.smallcaps} being influenced by Lat. [fascis]{.smallcaps} (DCECH: hacha I; REW: 3137; DRAE: hacha 1). DEEH (667) preferred Lat. [facŭla]{.smallcaps} as etymology for OSp. *facha*."
*facucŭla,kl,O(V)L,V_,F,"fax, -cis",Lat.,faúlha,fagulha,Pt.,17,NA,/ʎ/,u.o.,NA,DEHLP (fagulha/faúlha); DEM (943); DLPC (1679); NDLP (fagulha) preferred Lat. [favilla]{.smallcaps} as etymon (also DELG: fagulla/faila).
*fascŭla,kl,O(V)L,C_,F,"fax, -cis",Lat.,fachas,NA,GP,14,OLPAL,/ʧ/,NA,1,"With the meaning '(little) torch, large candle' in Galician, Portuguese, and Latin (LS: facula, DDGM: facha). GP *facha* came from Lat. [\*fascŭla]{.smallcaps} (FF: 330), which is the result of Lat. [facŭla]{.smallcaps} being influenced by Lat. [fascis]{.smallcaps} (DEHLP: fagulha/faúlha; REW: 3137; DEEH: 667; DDGM: facha; DEM: 941-2; DELG: facha 2; DLPC: 1675; DXL: 558); TMILG (HT, CT, VFD). DCECH (ajar) rejected the hypothesis that Pt. *falha* comes from Lat. [facŭla]{.smallcaps} as REW (3137) or DXL (561) suggested (cf. DEHLP: falha; DEM: 946)."
fēnŭcŭlum,kl,O(V)L,V_,F,fēnum,Late Lat.,funcho,NA,GP,14,OLPAL,/ʧ/,NA,1,"GCLI (278); DCECH (hinojo I); REW (3246); DEEH (675); TMILG (GP *feuncho* and *fuuncho* are attested in TA); DEHLP (funcho/fiolho); see DEM (970) for the context and source of the given inherited form. FF (330) suggested the development Lat. [fēnŭcŭlum]{.smallcaps} > [\*fenunculu]{.smallcaps} > [\*fenunc'lu]{.smallcaps} > *feuncho/fuuncho* (TA). Gal. *fiollo/fionllo* (DEEH: 675) would be the expected result of Lat. [fēnŭcŭlum]{.smallcaps} without the nasality of the syllable onset extending through the vowel nucleus to the syllable coda before OL palatalization. See DELG (fiollo), TLPGP (fiollo/fiúncho) and DDD (fiollo/fionllo/fiuncho) for different forms of Gal. *fiuncho*."
fēnŭcŭlum,kl,O(V)L,V_,F,fēnum,Late Lat.,finojo,NA,OSp.,13,OLPAL,/ʒ/,NA,1,With the Spanish meaning ''kind of plant'; CRC (439-46); GCLI (278); DCECH (hinojo I); REW (3246); DEEH (675); CORDE.
fĭstŭla,tl,O(V)L,C_,F,fĭstŭla,Lat.,ficheira,fecha,GP,12,OLPAL,/ʧ/,NA,1,"No information on Ibero-Romance was found in REW (3332); DCECH (fístula); DELG (fecha); DEEH (682); DDD (fecha); TLPGP (fecha); DXL (568). Gal. *fecha* has the meaning 'small quantity, drop or sip of a liquid' from Lat. [fĭstŭla]{.smallcaps} 'water pipe, tube' (LS: fistula). DEHLP (fecho), DEM (965) and DDGM (fecho, TC) suggested etymologies for Pt. *fecho* 'bolt, lock', which might come from Lat. [fĭstŭla]{.smallcaps} or from Lat. [pestŭlu]{.smallcaps}, but Pt. *fecho* and GP *fecha* may be different words with different etymologies. See DCECH (fístula) for information on the given inherited form."
fĭstŭla,tl,O(V)L,C_,F,fĭstŭla,Lat.,fistra,fistola,Sp.,19,RHOT,/Oɾ/,NA,0,"No information on Ibero-Romance was found in REW (3332); CRC (259, 269); DCECH (fístula); DEEH (682); DRAE (fistra). OSp. *fistola* (learned word or borrowing) is already attested in the 13th century (cf. CORDE) but I could not find any attestation of Sp. or Leon. *fistra* before the 19th century (cf. DCECH; NTLLE: fistra; CORDE). DCECH (fístula) considered OSp. *fistra* to be a semi-popular word."
fistŭlāre,tl,O(V)L,C_,F,fĭstŭla,Lat.,chirlar,chillar,OSp.,15,NA,/l/,u.o.,NA,"CRC (256, 269), DCECH (chillar) and DRAE (chillar) proposed that OSp. *chillar* (\< *chirlar*) came from Lat. [fistŭlāre]{.smallcaps}. In contrast, GCLI (281), REW (7890, cf. 3333), TDHLE (chillar) and DEEH (970-1) preferred Lat. [sībĭlāre]{.smallcaps} as the etymon, which DCECH (chillar) criticized. The evolution of the etymon could have been as follows: Lat. [fistŭlāre]{.smallcaps} > [\*cisclare]{.smallcaps} > *\*chislar* > OSp. *chirlar* (ibid.). As Sp. *chillar* seems to come from OSp. *chirlar*, it is unclear where /ʎ/ comes from: /ʎ/ could be an unusual outcome of secondary postconsonantal clusters, instead of the expected /ʧ/ (cf. García-Covelo 2025: 25-33), or the palatalization may be due to other factors, such as the presence of the word-initial /ʧ/ (cf. DCECH)."
fistŭlāre,tl,O(V)L,C_,F,fĭstŭla,Lat.,chilrar,chirlar,Pt.,15,NA,/ɾ/,u.o.,NA,"CRC (256); DDD (chilrar/chilar/chirlar, cf. with chillar); DEHLP (chilrar); no information on Pt. *chilrar* or *chirlar* was found in REW (3333, 7890); DCECH (chilrar/chilido). DEM (584), DXL (276), DELG (chirlar), DLPC (797) and DXL (275) assumed an onomatopoeic origin. According to NDLP (chilrar), Pt. *chilrar* is a Sp. borrowing."
afflāre,ffl,OL,V_,F,flāre,Lat.,fallar,NA,OSp.,12,OLPAL,/ʎ/,NA,1,CRC (431); GCLI (235); DCECH (hallar); REW (261). OSp. *fall-* may be attested before the 12th century (cf. CORDE). Lat. [afflāre]{.smallcaps} became Sp. *hallar* possibly through Lat. \*[applāre]{.smallcaps} (cf. DCECH: soplar).
afflāre,ffl,OL,V_,F,flāre,Lat.,achamus,NA,GP,10,OLPAL,/ʧ/,NA,1,"FF (330); GCLI (235); DCECH (hallar); REW (261); DDGM (especially TC); DEM (55) (cf. CODOLGA: PMH, VII); DEHLP (achar); DELG (achar-se); GP *achar* is attested in the 13th century (TMILG: LP, CSM, MSXC)."
afflatĭcum,ffl,OL,V_,"F,",flāre,Late Lat.,achalgo,achadigo,GP,13,NA,/ʧ/,u.o.,NA,"GCLI (294); no information found in REW (261); DEEH (447); DDGM (achadigo); TMILG (FCR; GP *achadego* is attested in 15th-century MNP); GP *achalgo* is also attested in PMH (*Leges* VI: 930); no etymological information in DEM (55). According to DEHLP (achádego/achádigo) and DXL (18), GP *achadigo* is a derivational form from GP *achar* (also cf. DELG: achar-se, DCECH: hallar)."
afflatĭcum,ffl,OL,V_,F,flāre,Late Lat.,fallazgo,NA,OSp.,13,NA,/ʎ/,u.o.,NA,"GCLI (294); no etymological information was found in DRAE (hallazgo) or in REW (261); DEEH (447). DCECH (hallar) seemed to imply that Sp. *hallazgo* is a derivational form from Sp. *hallar*. While DCECH (ibid.) gave the first attestation of OSp. *fallazgo* in the 15th century, there appear to be several examples of OSp. *fallazgo* and *falladgo* in the 13th century (cf. CORDE)."
afflatĭcum,ffl,OL,V_,F,flāre,Late Lat.,ayalga,NA,Ast.,NA,NA,NA,u.o.,NA,GCLI (294); DGLA (ayalga); DEEH (447); no information found in DCECH (hallar).
flaccus,fl,OL,#_,F,flaccus,Lat.,fraco,NA,GP,13,RHOT,/Oɾ/,NA,0,"FF (394); GCLI (232); DDGM (fraco); DEHLP (fraco); DEM (998); DELG (fraco-a); TMILG (CSM, also LP, TC, CT); REW (3343) considered Pt. *fraco* to be a technical or learned word (""Buchwort"")."
flaccus,fl,OL,#_,F,flaccus,Lat.,flaco,NA,OSp.,12,NA,/Ol/,NA,0,"GCLI (232); DEEH (683); DRAE (flaco); CORDE. DCECH (flaco) described OSp. *flaco* as a semi-learned word (""descendiente semiculto""), and REW (3343) considered Sp. *flaco* a technical or learned word (""Buchwort"")."
flaccĭda,fl,OL,#_,F,flaccus,Lat.,llacia,NA,Ast.,NA,#LSTR,/ʎ/,NA,0,"GCLI (160); DEEH (682); DGLA (llaciu). It is unclear whether /ʎ/ came from OL palatalization or, more probably, from the strengthening of word-initial /l/ common in Astur-Leonese (cf. GCLI: 222-5)."
flaccĭdus,fl,OL,#_,F,flaccus,Lat.,llacio,NA,OSp.,13,OLPAL,/ʎ/,NA,1,"CRC (36, 309); REW (3342); DEEH (682). DCECH (lacio) mentioned that Sp. *lacio* had an old form *llacio* (also Roberts 2014: 109). It is unclear whether \<ll> represented /l/ or /ʎ/ since etymological /l/ could be written in multiple ways. However, there is some evidence supporting the existence of OSp. *llacio*. In the works of Berceo (13th century), OSp. *lhacias* and *llacio* are attested but it does not seem to be any instance of \<lacio> in this author (cf. García Turza 1992 and Dutton 1992 in CORDE). In addition, the use of \<l> or \<ll> to represent alveolar and palatal laterals, respectively, is consistent. DCECH (lacio) gave two further examples, OSp. *liado* (Berceo, *Milagros de Nuestra Señora*) and *lhacio* (Berceo, *Historia del Señor San Millán*), which I could not locate in CORDE. It should be noted that very few examples of OSp. *lacio* (or similar forms) are generally found before the 14th century (cf. CORDE)."
"flagrans, -tis",fl,OL,#_,F,flagrāre,Lat.,flagrante,NA,OSp.,15,NA,/Ol/,BORR,0,"DCECH (flagrar); REW (3348); DRAE (flagrante); DEHLP (flagrante). Attempted root or stem reconstruction for words like Lat. [flāgrantĭa]{.smallcaps}, [flāgranter]{.smallcaps}, [afflāgrans]{.smallcaps}, [dēflāgro]{.smallcaps}, [dēflāgrātĭo]{.smallcaps}, and [conflāgro]{.smallcaps} (see LS for words containing the root -*flagr*-): \*chagr\*, \*llagr\*, \*ller\* (cf. CORDE)."
"flagrans, -tis",fl,OL,#_,F,flagrāre,Lat.,flagrante,NA,Gal.,20,NA,/Ol/,BORR,0,"DEHLP (flagrante, Pt. *fragante* is attested in the 16th century); cf. REW (3348). According to DELG (chafrar-se), Gal. *chafrar-se* comes from Lat. [flagrāre]{.smallcaps} (cf. DDD: chafrar; no further information was found in DXL, DEM or DEHLP). Attempted root or stem reconstruction for words like Lat. [flāgrantĭa]{.smallcaps}, [flāgranter]{.smallcaps}, [afflāgrans]{.smallcaps}, [dēflāgro]{.smallcaps}, [dēflāgrātĭo]{.smallcaps}, and [conflāgro]{.smallcaps} (see LS for words containing the root -*flagr*-): \*chagr\*, \*fragr\*, \*flagr\*, \*cheir\* (for the similarity to Lat. [fragrāre]{.smallcaps} > [flagrāre]{.smallcaps} > GP *cheirar*) (cf. TMILG, DDGM)."
sŭfflammāre,ffl,OL,#_,"F, tdhle?",flamma,Lat.,sollamaran,NA,OSp.,15,NA,/ʎ/,u.o.,NA,It is unclear whether Sp. *sollamar* comes directly from Lat. [sŭfflammāre]{.smallcaps} (CRC: 432; DEEH: 1000) or is a derivational form of Sp. *llama* (DCECH: llama I; Roberts 2014: 565); no etymological information in DRAE (sollamar); CORDE.
flamma,fl,OL,#_,F,flamma,Lat.,llama,NA,OSp.,13,OLPAL,/ʎ/,NA,1,"GCLI (230); DCECH (llamar); REW (1961); DEEH (583); CORDE. Attempted root or stem reconstruction for words like Lat. [clāmātor]{.smallcaps}, [clāmātōrĭus]{.smallcaps}, [clāmĭtātĭo]{.smallcaps}, [clāmor]{.smallcaps}, [acclāmātĭo]{.smallcaps}, [succlāmo]{.smallcaps}, [conclāmātĭo]{.smallcaps}, [conclāmo]{.smallcaps}, [exclāmātĭo]{.smallcaps}, [exclāmo]{.smallcaps}, [inclāmo]{.smallcaps}, [praeclāmo]{.smallcaps}, [proclāmātĭo]{.smallcaps}, [proclāmo]{.smallcaps}, [rēclāmātĭo]{.smallcaps}, [rēclāmo]{.smallcaps}, [dēclāmātōrĭus]{.smallcaps}, [dēclāmo]{.smallcaps}, and [dēclāmātĭuncŭla]{.smallcaps} (see LS for words containing the root -*clam*-): \*cham\*, \*llam\*, \*jam\* (DCECH). One instance of OSp. *llamor* from the 14th century was found in CORDE (Herrera & Sánchez: 2000) but there is also one instance of OSp. *clamor* in the same work. Additionally, many instances of OSp. *clamor* are attested as early as the 12th century (*Cid*). DEEH (583) suggested that OSp. *llamadera* comes from Lat. [clāmātorĭus]{.smallcaps} but DRAE (llamadera), DCECH (llamar) and NTLLE (llamadera, see Pagés: 1914, among others) preferred to derive it from OSp. *llamar*. There are two examples of OSp. *rellam* + verbal suffix before the 15th century (CORDE) but they probably come from *re* + *llamar*."
flamma,fl,OL,#_,F,flamma,Lat.,chama,NA,GP,13,OLPAL,/ʧ/,NA,1,"FF (329, 357, 359); GCLI (230); DEEH (683); DEHLP (chama); DELG (chama); TMILG (CSM,TC). GP *chamiça* (Gal. *chamiza* and Pt. *chamiça*) came from GP *chama* (DCECH: chamiza; DEHLP: chamiço/chamiça; DRAE: chamiza; DEM: 566), and (O)Sp. *chamiza* was a borrowing from either Galician, Portuguese, or Galician-Portuguese. GP *chamuscar* (TMILG: CSM, 13th century) was also derived from GP *chama* (DCECH: chamuscar; DEHLP: chamuscar; cf. DELG: chamuscar; DEM: 566), and (O)Sp. *chamuscar* was also a borrowing."
flamma,fl,OL,#_,F,flamma,Lat.,fllama,NA,Rib. Arag.,NA,OLPAL,/Oʎ/,NA,1,GCLI (231); Aragonario; DEEH (683).
flauta,fl,OL,#_,F,flauta,Occ.,flauta,NA,OSp.,14,NA,/Ol/,BORR?,0,DCECH (flauta); DRAE (flauta); REW (3360); no information was found in DEEH; CORDE.
flauta,fl,OL,#_,F,flauta,Occ.,frauta,NA,GP,15,NA,/Oɾ/,BORR,0,"DCECH (flauta); REW (3360); DEHLP (flauta); DELG (frauta); DEM (999-1000). The later introduction of this word into Galician-Portuguese is apparent in the lack of vowel changes, since Lat. /aw/ should have become GP /ow/ (cf. GCLI: 85-6; FF: 285-9)."
faible,bl,OL,V_,F,flēbilis,Fr.,febre,NA,Gal.,14,NA,/Oɾ/,u.o.,NA,"DDGM (febre); DEM (1000); TMILG (CT, HCIM). DCECH (feble) claimed that Sp. *feble* (attested from the 12th century onward, see CORDE) was borrowed from Cat. *feble*, while REW (3362) argued that Sp. *feble* and Pt. *febre* were borrowed from Fr. *faible* (cf. DEHLP: febre 2)."
"flōs, -ris",fl,OL,#_,F,"flōs, -ris",Lat.,*chor,"frol, fror",GP,15,OLPAL,/ʧ/,NA,1,"DEHLP (flor); DEM (1002-3); REW (3382); DCECH (flor); DEEH (683); DDGM (flor, especially TC); DELG (chora). GP *chor* is not very well attested in comparison with GP *flor* (TMILG: CSM/LP, 13th century), *frol* (TMILG: LP/CDMO/TC, 13-14th centuries) or *fror* (TMILG: CSM/LP, 13th century). As FF (331) stated, the only attestation in TMILG of an GP word from the Lat. root [flōs, -ris]{.smallcaps} with OL palatalization is the toponym *Chorente* (VFD, 15th century). This date will be used as reference, even though it does not correspond to the date of an actual attestation of GP *\*chor* (cf. TLPGP: chor/chorir for evidence of actual usage of Gal. Pt. *chor*). Pt. *chorume* (16th century) can be a derivation of Pt. *chor* (DCECH: chirumen; DEHLP: chorume/flor, REW: 3382) or can come from Late Lat. [\*florumen]{.smallcaps} (DEHLP: chorume; DDD: chorume, Otero Álvarez (1951); DEM: 592) or from Lat. [\*florimine]{.smallcaps} (DELG: chorima/chorume). The most usual modern word is Pt. *flor* but *chor* is still used in Trasmont. Pt. (see the given references in DCECH and DEHLP)."
"flōs, -ris",fl,OL,#_,F,"flōs, -ris",Lat.,fllor,NA,Arag.,NA,OLPAL,/Oʎ/,NA,1,GCLI (232); Viudas Camarasa (1979); Aragonario (flor).
"flōs, -ris",fl,OL,#_,F,"flōs, -ris",Lat.,llor,flor,OSp.,14,OLPAL,/ʎ/,NA,1,"GCLI (232); REW (3382); DEEH (683). OSp. *flore* is already attested in the year 950 (DCECH: flor), while OSp. *llor* seems to be first attested in the 14th century (cf. CORDE: Sánchez-Prieto Borja 2004). Cf. Occ. Aran. *flor/hlor* (GCLI: 169, 232)."
flōrēre,fl,OL,#_,F,"flōs, -ris",Lat.,Chorente,NA,GP,15,OLPAL,/ʧ/,u.e.,1,FF (331); cf. DELG (chorar 1); DEEH (683); DEHLP (flor); DEM (592). The toponym *Chorente* probably comes from GP *chorear* or *churir* (cf. DDD: churir; FF: 331; TLPGP: chorir).
flōrēre,fl,OL,#_,F,"flōs, -ris",Lat.,florido,NA,OSp.,14,NA,/Ol/,u.e.,0,"DCECH (flor); cf. REW (3380, \< \*[florīre]{.smallcaps}); cf. DEEH (683); DRAE (florido/florescer); for information on OSp. *florecer*, see the given sources."
flŏccus,fl,OL,#_,F,flŏccus,Lat.,frocos,NA,GP,13,RHOT,/Oɾ/,NA,0,"GCLI (232); DCECH (fleco); REW (3375); DEHLP (froco); DEEH (683); TMILG (CSM); DDGM (froco). DEM (1002) seemed to imply that Pt. *froco/floco* had a learned or conservative evolution (""por via culta"")."
flŏccus,fl,OL,#_,F,flŏccus,Lat.,flueco,NA,OSp.,14,NA,/Ol/,NA,0,"GCLI (232); REW (3375); DEEH (683); DRAE (lleco); cf. CORDE. It is uncertain whether Sp. *lleco* 'uncultivated land, virgin soil' also comes from Lat. [flŏccus]{.smallcaps} 'wool flock', which would make it cognate with OSp. *flueco*, or has a different (uncertain) origin (cf. REW: 3375; DCECH: lleco; Roberts 2014: 147). No information was found on Sp. *lleco* in DEEH. DCECH (fleco) described OSp. *flueco* as a semi-learned word (""descendiente semiculto"") and suggested that the prevalence of aconservative word form could have been due to an ecclesiastical Latin influence."
flŭxus,fl,OL,#_,F,flŭĕre,Lat.,floxo,NA,OSp.,13,NA,/Ol/,NA,0,"CRC (494); GCLI (232); DCECH (flojo/flujo); DEEH (684); DRAE (flojo); CORDE. Sp. *flujo* may be a semi-learned word from Lat. [flŭxus]{.smallcaps} but with a different meaning (DCECH: flujo). According to GCLI (169, 232), the Occ. Aran. cognate is *hloish*. DCECH (flojo) argued that the lack of OL palatalization came from the prevalence of the conservative form of the word, which would have come from the moral character associated with the word: ""\[...\] la conservación del grupo FL- se debe al carácter moral del vocablo, que explica el triunfo de la pronunciación de las clases educadas \[...\]"" (ibid.)."
flŭxus,fl,OL,#_,F,flŭĕre,Lat.,froixo,chocho?,GP,14,RHOT,/Oɾ/,NA,0,"GCLI (232); DDGM (froxo, CVGP); DELG (frouxo); DEHLP (frouxo); DEM (590); DCECH (flojo/flujo); DEEH (684); REW (3394). It is uncertain whether Pt. *chocho* 'dry, unenergetic, dispirited' also comes from Lat. [flŭxus]{.smallcaps} or from a different etymon (cf. DEHLP: chocho; DCECH: chocho; NDLP: chocho 1; DEM: 589; DLPC: 801). For information on the given inherited word, see DDGM (froxo, CVGP). DCECH (flojo) argued that the lack of OL palatalization comes from the prevalence of a conservative form of the word, which would have come from the moral character associated with the word (cf. *chocho* (Pt.))."
fŏlĭātĭlis,tl,O(V)L,V_,F,fŏlĭum,Late Lat.,hojalde,hojaldre,OSp.,15,"META, LEN",/lO/,NA,0,LS (foliatilis/folium); CRC (437); DEEH (685); DRAE (hojaldre/hojalde); DCECH (hoja).
follĭcŭlus,kl,O(V)L,V_,F,follis,Lat.,hollejo,NA,OSp.,15,OLPAL,/ʒ/,NA,1,Georges and LS (folliculus); CRC (438); DEEH (686); REW (3419); DRAE (hollejo); cf. DCECH (fuelle).
follĭcŭlus,kl,O(V)L,V_,F,follis,Lat.,folhelho,NA,GP,13,OLPAL,/ʎ/,NA,1,Georges and LS (folliculus); CRC (438); DEEH (686); REW (3419); DRAE (hollejo); DEHLP (folhelho); DDGM (folhelho); TMILG (LP; GP *follello* is attested in TA).
flagrāre,fl,OL,#_,F,flagrāre,Late Lat.,cheyra,NA,GP,13,OLPAL,/ʧ/,NA,1,"Late Lat. [flagrāre]{.smallcaps} \< Lat. [fragrāre]{.smallcaps} (cf. LS and Georges: fragro) 'to smell'; FF (329); GCLI (230); DELG (cheirar); DCECH (fragante); DEHLP (cheirar); DEEH (690); DEM (581); DDGM (cheyrar/cheirar, especially TC); TMILG (LP, CSM, TC)."
fūrŭncŭlus,kl,O(V)L,C_,F,fūr,Lat.,fruncho,forũcho,GP,14,OLPAL,/ʧ/,NA,1,"DCECH (hurto); DELG (foruncho/furuncho); DEHLP (fruncho); DEM (1049); REW (3607, cf. 1677); DDD (furuncho). The given inherited word is attested in *Livro de Falcoaria de Pero Menino*, see Rodrigues Lapa (1931: 29) for the full text. Gal. *carafuncho* may be a mixture of Lat. [carbunculus]{.smallcaps} and Lat. [fūrŭncŭlus]{.smallcaps} (cf. DELG: carafuncho; DCECH: carbunco/hurto; REW: 3607)."
fūrŭncŭlus,kl,O(V)L,C_,F,fūr,Lat.,floronco,NA,OSp.,15,META,/O/,NA,0,DCECH (hurto); REW (3607); DEEH (698); CORDE.
gĕnŭcŭlum,kl,O(V)L,V_,F,genū,Late Lat.,gẽollos,"geollos, geonllos",GP,13,OLPAL,/(n)ʎ/,NA,1,"FF (136, 326, 354); GCLI (278); DDGM (geollo, especially TC and CVGP); DEHLP (joelho); DCECH (hinojo II); REW (3737); DEM (1263); DEEH (710); TMILG (CSM, TC, HT). The standard Gal. form is *xeonllo* (cf. DRAG) but there are many others (cf. TLPGP: xeonllo; DELG: xeonllo; DDD: xeollo/xionllo/xollo)."
gĕnŭcŭlum,kl,O(V)L,V_,F,genū,Late Lat.,inojos,NA,Sp.,12,OLPAL,/ʒ/,NA,1,"CRC (403, 439); DCECH (hinojo II); GCLI (278); REW (3737); DEEH (710); CORDE."
"glando, -ĭnis",gl,OL,#_,F,"glāns, -dis",Late Lat.,landre,NA,OSp.,15,LEN/DEL,/l/,NA,0,"Late Lat. [glando, -dĭnis]{.smallcaps} \< Lat. [glans, -dis]{.smallcaps} (DCECH: landre); DRAE (landre); DEEH (711); CRC (284); cf. GCLI (235); cf. REW (3777, OSp. *landre* \< [Lat. glandŭla]{.smallcaps}); CORDE."
glandŭla (1),gl,OL,#_,F,"glāns, -dis",Lat.,landoas,landra,GP,14,LEN/DEL,/l/,NA,0,"FF (332); GCLI (235); REW (3777); DELG (landra 1); DDGM (landoa, CVGP); TMILG (GP *landooas* is attested in 15th-century TA); DDD (landra, especially García González 1985); cf. DEM (1104-5), DEHLP (landre/lândoa) and REW (3777) for information on Pt. forms."
glandŭla (2),dl,O(V)L,C_,F,"glāns, -dis",Lat.,landoas,landra,GP,14,"-SINC, LEN",/O/,NA,0,"FF (332); GCLI (235); REW (3777); DELG (landra 1); DDGM (landoa, CVGP); TMILG (GP *landooas* is attested in 15th-century TA); DDD (landra, especially García González 1985); cf. DEM (1104-5), DEHLP (landre/lândoa) and REW (3777) for information on Pt. forms."
"glans, -dis",gl,OL,#_,F,"glāns, -dis",Lat.,lande,NA,GP,15,LEN/DEL,/l/,NA,0,"GCLI (235); DEHLP (lande); REW (3778); NDLP (lande); DEM (1104-5); DDGM (lande, CVGP)."
"glans, -dis",gl,OL,#_,F,"glāns, -dis",Lat.,lande,NA,OSp.,12,LEN/DEL,/l/,NA,0,DCECH (landre); REW (3778); DRAE (lande); DEEH (712); CORDE. Ast. *llande* (DGLA).
glăber,gl,OL,#_,F,glăber,Lat.,glabro,NA,Sp.,19,NA,/Ol/,BORR,0,"No information on Ibero-Romance was found in REW (3769-70); DCECH (glabro). Attempted root or stem reconstruction for words like Lat. [glăbellus]{.smallcaps}, [dēglābro]{.smallcaps}, [glăbrārĭa]{.smallcaps}, or [glăbrĭtas]{.smallcaps} (see LS for words containing the root -*glab*-): \*lab\*, \*lav\*, \*l?av\*, \*l?ab\* (for \<ll lh lj ly li>) (CORDE)."
glăber,gl,OL,#_,"F, tilg date?",glăber,Lat.,glabros,NA,Gal.,20,NA,/Ol/,BORR,0,"No information on Ibero-Romance was found in REW (3769-70); DEHLP (Pt. *glabro* is attested in the 18th century); DEM (1104). Attempted root or stem reconstruction for words like Lat. [glăbellus]{.smallcaps}, [dēglābro]{.smallcaps}, [glăbrārĭa]{.smallcaps}, or [glăbrĭtas]{.smallcaps} (see LS for words containing the root -*glab*-): \*llav\*, \*llab\*, \*lab\*, \*lav\*, \*xab\*, \*xav\*, glab\*, glav\*, \*grab\*, grav\* (DDGM, TMILG, partially in TILG). It may be semantically possible, although phonologically unclear, that Gal. *dexabrar* 'to damage a tree by pruning or snapping its branches' (DDD: dexabre/dexabrar; DXL: 432) comes from Lat. [dēglābro]{.smallcaps} 'to make smooth (trees, body)' (LS: deglabro; Georges: deglabro; see also *deglabro* in CORDE for the definition in Nebrija's vocabulary). DXL (432, 1263, see xabre 2) argued that Gal. *dexabrar* is a derivational form of Gal. *xabre*."
glacĭēs,gl,OL,#_,"F, only Gal, no GP",glacĭēs,Lat.,lazo,NA,Gal.,19,LEN/DEL,/l/,NA,0,"DCECH (glacial); REW (3771); DELG (laz); cf. DDD and TLPGP (lazo). The earliest attestation of Gal. *lazo* or *lazar* date from the 19th century (cf. FF: 332). Attempted root or stem reconstruction for words like Lat. [glăcĭālis]{.smallcaps}, [conglăcĭo]{.smallcaps}, and [glăcĭes]{.smallcaps} (see LS for words containing the root -*glac*-): \*chaz, \*l?az, \*gaz\* (for all these regular expressions, \<ç s c \> were also searched instead of \<z\>; g = \<g i j\>, see ""Asociacións gráficas"" in TMILG) (TMILG, DDGM)."
glacĭēs,gl,OL,#_,F,glacĭēs,Lat.,llaz,NA,Ast.,NA,"LEN/DEL, #LSTR",/ʎ/,NA,?,GCLI (235); DCECH (glacial). It is unclear whether /ʎ/ resulted from OL palatalization or from strengthening of word-initial /l/ (cf. GCLI: 222-5). This is also probably true for Leon. *yaz*.
gladius,gl,OL,#_,F,gladius,Lat.,abraiar,aglaiar?,Gal.,20,NA,/Oɾ/,u.o.,NA,"DELG (aglaiar/abraiar); DEEH (710); DDD (abraiar/aglaiar); TLPGP (abraiar/abraiar(se)/abraiado); cf. DEHLP (gládio/gladi-) and DEM (1104); no information in DCECH (gladio). According to DXL (42), Gal. *aglaio* comes from Cat. *esglaiar.* No etymological information is given for Gal. *abraiar* (ibid., 8)."
gladius,gl,OL,#_,F,gladius,Lat.,glayar,NA,Ast.,NA,NA,/Ol/,NA,0,Georges and LS (gladius); DCECH (gladio); DEEH (710); no information on Ibero-Romance was found in REW (3773); DGLA (glayar/glayu).
gladius,gl,OL,#_,F,gladius,Lat.,gladio,NA,OSp.,13,NA,/Ol/,BORR,0,It is unclear whether Sp. *aglayarse* and *aglayo* come from Lat. [gladius]{.smallcaps} (DEEH: 711; TDHLE: aglayar) or are Catalan borrowings (DCECH: aglayarse/gladio); cf. CORDE.
glarĕa,gl,OL,#_,F,glarĕa,Lat.,lera,NA,Sant.,NA,LEN/DEL,/l/,NA,0,DCECH (glera); CRC (502); DEEH (712).
glarĕa,gl,OL,#_,F,glarĕa,Lat.,llera,NA,Ast.,NA,"LEN/DEL, #LSTR",/ʎ/,NA,0,"REW (3779); DGLA (llera); DEEH (712); cf. DCECH (glera). /ʎ/ probably resulted from the strengthening of word-initial /l/ common in Astur-Leonese (cf. GCLI, 222-5). For information on Sp. *llera*, see DRAE (llera) and Roberts (2014: 147) (cf. Viudas Camarasa 1979: 367)."
glarĕa,gl,OL,#_,F,glarĕa,Lat.,lleral,NA,Rib. Arag.,NA,OLPAL,/ʎ/,NA,1,DCECH (glera); DEEH (712). /ʎ/ may have resulted from the loss of /g/ after OL palatalization (Viudas Camarasa 1979: 358) or from the strengthening of word-initial /l/ (after obstruent loss) common in Astur-Leonese and Catalan (cf. GCLI: 222-5).
glarĕa,gl,OL,#_,F,glarĕa,Lat.,glera,NA,OSp.,12,NA,/Ol/,NA,0,CRC (502); cf. GCLI (235); DCECH (glera); REW (3779); DRAE (glera) and Roberts (2014: 767) suggested that Sp. *glera* is an Aragonese borrowing (\< Lat. [glarĕa]{.smallcaps}) (cf. DEEH: 712).
*glarētum,gl,OL,#_,F,glarĕa,Late Lat.,laredo,NA,Pt.,20,LEN/DEL,/l/,NA,0,DCECH (glera); no etymological information was found in DEHLP (laredo); REW (3779); TLPGP (laredo).
glarĕa,gl,OL,#_,F,glarĕa,Lat.,larea,leira,GP,9,NA,/l/,u.o.,NA,"With the Latin meaning 'gravel' and the Galician-Portuguese meaning 'parcel of farming land' (cf. LS: glarea and DDGM: leira). It is unclear whether GP *leira* came from Lat. [glarĕa]{.smallcaps} (FF: 331; GCLI: 235; DEHLP: leira; REW: 3779 but 4913; DXL: 736) or from Late Lat. [larea]{.smallcaps} or [lāria]{.smallcaps} (DELG: leira; NDLP: larea 1; DCECH: glera; cf. DEEH: 779). See DCECH (glera) for the semantic difficulties of an etymology based on Lat. [glarĕa]{.smallcaps}. See DEM (1314) and PMH (*Diplomata et Chartae* I: 4) for the context and original source of the given inherited form. GP *leira* is attested in the 10th century (DEM: 1314; cf. CODOLGA). There are several examples from the 15th century, in which the first consonant seems to be /ʒ/ or /ʤ/: GP *geira* (TMILG: GHCD), GP *ieira* (TMILG: SMCP) and GP *geyra(s)* (TMILG: VFD, MERS). All these words have the approximate meaning 'piece of land'. If the etymon would indeed have been Lat. [glarĕa]{.smallcaps}, this may hint at OL palatalization."
glattīre,gl,OL,#_,"F, explanation ll llatejar? (light highlight)",glattīre,Lat.,llatejar,latir,GP,15,LEN/DEL,/l/,NA,0,"FF (332); DCECH (latir); DELG (latexar); TMILG (TA); DDD (later/latir); GCLI (236); REW (3781); DEM (1306); cf. HGP (494-97) for information on the use of the grapheme \<ll> to represent /l/. Both Gal. *latir* 'dog bark' and Gal. *latexar* 'heart beat' are included in DRAG (cf. DEHLP: latejar/latir for the Pt. words and meanings). Attempted reconstruction for Lat. [glattīre]{.smallcaps}: chat\*, l?at\* (\<ll lh li ly lj>), jat\*, iat\*, yat\*, xat\*, gat\* (\<g> representing /ʒ/ or /ʤ/) (TMILG, DDGM)."
glattīre,gl,OL,#_,F,glattīre,Lat.,llatir,NA,Ast.,NA,"LEN/DEL, #LSTR",/ʎ/,NA,0,GCLI (236); DGLA (llatir); DALLA (llatir). /ʎ/ probably came from the strengthening of word-initial /l/ common in Astur-Leonese and not from OL palatalization (cf. GCLI: 222-5).
glattīre,gl,OL,#_,F,glattīre,Lat.,latidos,NA,OSp.,14,LEN/DEL,/l/,NA,0,"Torreblanca (1990: 322); GCLI (236); DCECH (latir); REW (3781); DEEH (712). DCECH claimed that the first attestation dates from the 13th century but I could not locate any instance of OSp. *latido(s)* before the 14th century in CORDE. Attempted reconstruction for Lat. [glattīre]{.smallcaps}: lat\*, l?at\* (\<ll lh li ly lj>), jat\*, iat\*, yat\* (\<g> representing /ʒ/). Several examples of *llat-* were found, from the 15th century onward (cf. CORDE). There are several explanations for this, with being OL palatalization the least likely: either \<ll> was written for /l/, a common occurrence where words containing /l/ and /ʎ/ were spelled identically (Echenique Elizondo & Martínez Alcalde 2011: 81-2); or the word may have been influenced by the Astur-Leonese cognates, which did have /ʎ/."
glēba,gl,OL,#_,F,glēba,Lat.,leibas,leivas,Gal.,20,LEN/DEL,/l/,NA,0,"With the meaning 'a lump of earth, clod' (LS: gleba); TLPGP (leiba/leiva); DDD (leiba/leiva); DXL (736-737); DRAG (leiba); cf. DEHLP (leiva); cf. TILG. DELG (léboa) seemed to suggest that the Gal. forms *léboa, leiba* or *léiboa* come from Late Lat. [glēbŭla]{.smallcaps}. The evolutionary path may have been as follows: Lat. [glaeba]{.smallcaps} or [glēba]{.smallcaps} > \*[glēbea]{.smallcaps} > GP *leiva* (cf. DEM: 1315-6). Attempted root or stem reconstruction for words like Lat. [glaebārĭus]{.smallcaps}, [glaebātĭo]{.smallcaps}, [glaebōsus]{.smallcaps}, [glaebŭla]{.smallcaps}, and [glaebŭlentus]{.smallcaps} (see LS for words containing the root *glaeb*- or *gleb*-): l?eb\*, leb\*, geb\*, cheb\* (for all these combinations, \<v u ll\> were also searched instead of \<b\>; g = \<g h i>, see ""Asociacións gráficas"" in TMILG)."
glēba,gl,OL,#_,F,glēba,Lat.,leiva,NA,Pt.,17,LEN/DEL,/l/,NA,0,"With the meaning 'a lump of earth, clod' (LS: gleba). REW (3782); DCECH (gleba); DEHLP (leiva); NDLP (leiva); DEEH (712); DXL (736-737); also Gal. *leiba* (TLPGP and DDD: leiba). The evolution of the etymon may have been as follows: Lat. [glaeba]{.smallcaps} or [glēba]{.smallcaps} > \*[glēbea]{.smallcaps} > GP *leiva* (cf. DEM: 1315-6). With a different meaning, *leiva* was already attested in the 13th century (cf. DEM: 1316)."
glēba,gl,OL,#_,F,glēba,Lat.,gleba,NA,OSp.,15,NA,/Ol/,BORR,0,"DCECH (gleba); DRAE (gleba); no information was found in REW (3782); DEEH (712) mentioned the existence of dialectal *leva*. Attempted root or stem reconstruction for words like Lat. [glaebārĭus]{.smallcaps}, [glaebātĭo]{.smallcaps}, [glaebōsus]{.smallcaps}, [glaebŭla]{.smallcaps}, and [glaebŭlentus]{.smallcaps} (see LS for words containing the root *glaeb*- or *gleb*-): l?eb\*, leb\*, jeb\*, ieb\*, yeb\* (CORDE)."
glēba,gl,OL,#_,F,glēba,Lat.,lleba,NA,Rib. Arag.,NA,OLPAL,/ʎ/,NA,1,"With the meaning 'a lump of earth, clod' (LS: gleba); Aragonario. /ʎ/ may come from the strengthening of word-initial /l/ common in Astur-Leonese and Catalan (cf. GCLI: 222-5)."
"glīs, -īris",gl,OL,#_,F,"glīs, -īris",Lat.,leirón,lirio,Gal.,19,LEN/DEL,/l/,u.e.,0,"GCLI (236); DCECH (lirón I); DEEH (712); DELG (lirón); REW (3787); DEM (1314); TILG. Pt. *leirão* and Gal. *leirón* could also come from \*[(g)lirionem]{.smallcaps} (DCECH: lirón). Attempted root or stem reconstruction for Lat. [glīrārĭum]{.smallcaps} and [glis]{.smallcaps} (see LS for words containing the root *glis/r*-): gir\*, chir\*, l?ir\* (for all these regular expressions, \<ei> was also searched instead of \<i>; g = \<g h i>, see ""Asociacións gráficas"" in TMILG) (TMILG, DDD)."
"glīs, -īris",gl,OL,#_,F,"glīs, -īris",Lat.,leirão,NA,Pt.,19,LEN/DEL,/l/,u.e.,0,"GCLI (236); DCECH (lirón I); DEEH (712); REW (3787); NDLP (leirão); DEM (1314); cf. FF (332). Pt. *leirão* and Gal. *leirón* could also come from \*[(g)lirionem]{.smallcaps} (DCECH: lirón). The form *lirionibus* seems to be attested in a 13th-century Portuguese document (ibid.) but that form could not be found in TMILG, CODOLGA or DEM (1314)."
"glīs, -īris",gl,OL,#_,F,"glīs, -īris",Lat.,lirón,lir,OSp.,13,LEN/DEL,/l/,u.e.,0,"GCLI (236); DCECH (lirón I); REW (3787); CORDE (OSp. *lir* is attested in the 15th century, in a text from Nebrija); Roberts (2014: 135); cf. DRAE (Sp. *lirón* \< \*[gliro, -onis]{.smallcaps}). Attempted root or stem reconstruction for Lat. [glīrārĭum]{.smallcaps} and [glis]{.smallcaps} (see LS for words containing the root *glis/r*-): gir\*, jir\*, l?ir\* (CORDE)."
"glīs, -īris",gl,OL,#_,F,"glīs, -īris",Lat.,llirón,llira,Ast.,NA,"LEN/DEL, #LSTR",/ʎ/,u.e.,0,GCLI (236); cf. REW (3787); DCECH (lirón I); DGLA (llirón); DEEH (712). /ʎ/ probably resulted from the strengthening of word-initial /l/ common in Astur-Leonese and Catalan (cf. GCLI: 222-5).
glōrĭa,gl,OL,#_,F,glōrĭa,Lat.,glorias,NA,OSp.,12,NA,/Ol/,BORR,0,"DCECH (gloria); DRAE (gloria); no information was found in DEEH or REW; CORDE. OSp. *gloria* should be an old Latin borrowing since it did not undergo the change /orj/ > /ojr/ > /wer/ (cf. GCLI: 267-9; Penny 2002: 50-3). Attempted root or stem reconstruction for words like Lat. [glōrĭātĭo]{.smallcaps}, [glōrĭfĭcātĭo]{.smallcaps}, [glōrĭfĭco]{.smallcaps}, [glōrĭŏla]{.smallcaps}, [glōrĭōsus]{.smallcaps}, [conglōrĭfĭco]{.smallcaps}, [inglōrĭōsus]{.smallcaps}, and [praeglōrĭōsus]{.smallcaps} (see LS for words containing the root -*glori*-): \*gl?ori\*, \*l?ori\*, \*chori\*, \*ñori\*, \*n?ori\*, \*jori\*, ?luer\*, juer\*, \*chuer\*, gl?o?r\*, l?o?r\*, lo?r\*, jo?r\* (these regular expressions should account for the different vowel combinations along the change /orj/ > /ojr/ > /wer/) (CORDE)."
glōrĭa,gl,OL,#_,F,glōrĭa,Lat.,groriosa,NA,GP,13,NA,/Oɾ/,BORR,0,"FF (394); DEHLP (glória); DEM (1106); DELG (gloria); DDGM (gloria). GP *groriosa/o* is attested in the 13th century (TMILG: CSM, LP) and GP *gloria* in the 14th century (TMILG: TC, XH). GP *gloria* and derivational forms are Latin borrowings because they did not undergo the change /orj/ > /ojr/ or /owr/ (cf. GCLI: 267-9; FF: 143-7). Attempted root or stem reconstruction for words like Lat. [glōrĭātĭo]{.smallcaps}, [glōrĭfĭcātĭo]{.smallcaps}, [glōrĭfĭco]{.smallcaps}, [glōrĭŏla]{.smallcaps}, [glōrĭōsus]{.smallcaps}, [conglōrĭfĭco]{.smallcaps}, [inglōrĭōsus]{.smallcaps}, and [praeglōrĭōsus]{.smallcaps} (see LS for words containing the root -*glori*-): \*chori\*, \*gl?ori\*, \*l?ori\*, lori\*, \*gori\*, \*xori\*,\*ñori\*, \*nl?ori\* (for all these combination, \<oir> instead of \<ori> was also searched; i = \<i j y h> and g = \<g h i> see ""Asociacións gráficas"" in TMILG)."
glōssa,gl,OL,#_,F,glōssa,Lat.,glosa,NA,OSp.,13,NA,/Ol/,BORR?,0,"DCECH (glosa); DRAE (glosa); no information was found in DEEH; CORDE. Attempted root or stem reconstruction for words like Lat. [glossārĭum]{.smallcaps}, [glossēmătĭcus]{.smallcaps}, [būglossa]{.smallcaps}, [dīglōssos]{.smallcaps}, [hўpoglossa]{.smallcaps}, and [glottis]{.smallcaps} (see LS for words containing the root -*gloss*-, *glott*-): \*l?os\*, \*los\* (all these combinations were also searched with \<z t> instead of with \<s> in CORDE)."
glōssa,gl,OL,#_,F,glōssa,Lat.,grosa,NA,GP,14,NA,/Oɾ/,BORR?,0,"DEHLP (glosa); REW (3802); DDGM (glosa/grosa); TMILG (HT; GP *glosa* is attested in 14th-century XH); DEM (1107). Attempted root or stem reconstruction for words like Lat. [glossārĭum]{.smallcaps}, [glossēmătĭcus]{.smallcaps}, [būglossa]{.smallcaps}, [dīglōssos]{.smallcaps}, [hўpoglossa]{.smallcaps}, and [glottis]{.smallcaps} (see LS for words containing the root -*gloss*-, *glott*-): \*chos\*, \*l?os\*, \*los\*, \*gos\*, \*xos\* (all these combinations also with \<z t> instead of \<s>; g = \<g h i>, see ""Asociacións gráficas"" in TMILG)."
agglŏmĕrāre,ggl,OL,V_,F,"glŏmus, -eris",Lat.,aglomerar,NA,Sp.,18,NA,/Ol/,BORR,0,"DCECH (aglomerar); DRAE (aglomerar). Attempted root or stem reconstruction for words like Lat. [conglŏmĕrātio, conglŏmĕro, inglŏmĕro, glŏmĕrābĭlis, glŏmĕrārĭus, glŏmĕrātĭo, glŏmĕro, glŏmĕrōsus]{.smallcaps}, and [glŏmus]{.smallcaps} (see LS for words containing the root -*glom*-): \*chom\*, \*gl?om\*, \*l?om\*, lom\*, jom\*, ion\*, yom\*, gom\*, \*nnom\*, \*ñom\* (for all Regex, \<ue> was also searched instead of \<o> due to possible diphthongization) (CORDE)."
agglŏmĕrāre,ggl,OL,V_,F,"glŏmus, -eris",Lat.,aglomerar,NA,Gal.,19,NA,/Ol/,BORR,0,"DDD (aglomerar); TILG. The Pt. cognate is also attested in the 19th century (cf. DEHLP: aglomerar) but Pt. *glomerar* is attested in the 17th century (DEHLP: glomerar; DEM: 1106). Attempted root or stem reconstruction for words like Lat. [conglŏmĕrātio, conglŏmĕro, inglŏmĕro, glŏmĕrābĭlis, glŏmĕrārĭus, glŏmĕrātĭo, glŏmĕro, glŏmĕrōsus]{.smallcaps}, and [glŏmus]{.smallcaps} (see LS for words containing the root -*glom*-): \*chom\*, \*gl?om\*, \*l?om\*, lom\*, gom\*, xom\*, \*nl?om\*, \*ñom\* (\<g> = \<g i j> in TMILG) (TMILG, DDGM; \*xom\* was only searched in TILG)."
glŏbĕllus,gl,OL,#_,F,globus,Lat.,lovelo,novelo,GP,13,"LEN/DEL, DISS",/l/,NA,0,"FF (332); DCECH (ovillo); GCLI (236); REW (3791); TMILG (FCR); DELG (nobelo); DDD (nobelo). GP *novelo* is also attested in the 13th century (TMILG: CSM, DDGM: CSM). DEHLP (novelo) gave 12th-13th-century *oulivelô* as the first attestation of a GP inherited word from Lat. [glŏbĕllus]{.smallcaps}. However, DEM (1595) argued that GP *oulivelô* was probably a Spanish borrowing (see PMH, *Leges* V: 761 for the original source). Attempted root or stem reconstruction for words like Lat. [conglŏbātĭo, conglŏbo, circumglŏbātus, glŏbo, glŏbōsus, glŏbŭlus]{.smallcaps}, and [glŏbus]{.smallcaps} (see LS for words containing the root -*glob*-): \*chob\*, l?ob\*, lob\*, gob\* (all these combinations also with \<v> instead of \<b>; v = \<u v>, see ""Asociacións gráficas"" in TMILG) (TMILG, DDGM)."
glŏbĕllus,gl,OL,#_,F,globus,Lat.,lluviellu,"duviellu, chuviechu",Ast.,NA,"LEN/DEL, #LSTR",/ʎ/,NA,?,"DCECH (ovillo); GCLI (236); REW (3791); DGLA (duviellu); DEEH (712). The palatalization of the OL cluster was probably the result of the word-initial strengthening of /l/ (cf. GCLI: 222-5). \<ll> and \<d>, as the result of word-initial lateral strengthening or of Lat. /l:/, may have different affricate realizations and outcomes, such as apico-prepalatal (cf. GCLI: 223-6 and Ast. forms in REW and DCECH)."
glŏbĕllum,gl,OL,#_,"F, change oviello/luviello, lovelo",globus,Lat.,oviello,"luviello, lovelo",OSp.,14,LEN/DEL,/l/,NA,0,"CRC (140); GCLI (236); REW (3791). Leon. *ovielo* is already attested in the 13th century (DCECH: ovillo). DCECH suggested that the attested forms *iubellum* and *gubellum* might point to the palatalization of the OL cluster with the outcome /ʤ/. Attempted root or stem reconstruction for words like Lat. [conglŏbātĭo, conglŏbo, circumglŏbātus, glŏbo, glŏbōsus, glŏbŭlus]{.smallcaps}, and [glŏbus]{.smallcaps} (see LS for words containing the root -*glob*-): \*chob\*, l?ob\*, lob\*, gob\*, job\* (all these combinations also with \<ue> instead of \<o> due to possible diphthongization) (CORDE)."
glŏbĕllum,gl,OL,#_,F,globus,Lat.,juviello,"chubillo, libiecho",Arag.,15,NA,NA,NA,?,DCECH (ovillo); Aragonario (ovillo); DEEH (712). The palatalization of the OL cluster was probably the result of word-initial strengthening of /l/ (cf. GCLI: 222-5).
"glūs, -tis",gl,OL,#_,F,"glūs, -tis",Late Lat.,engrudo,NA,OSp.,13,RHOT,/Oɾ/,u.e.,0,"CRC (193); cf. GCLI (236). Given the \<r> in the Spanish attestations, Lat. [glūs]{.smallcaps} was probably confused in Spanish with Germ. *\*grūts* , which also had a similar meaning (DCECH: engrudo). See DCECH (gluten) for more learned words from that etymon. More information on the Lat. etymon in Georges (glūs/glūten) and OLD. Attempted root or stem reconstruction for words like Lat. [gluo]{.smallcaps}, [glūten]{.smallcaps}, [glūtĭnātĭo]{.smallcaps}, [glūtĭnĕus]{.smallcaps}, [glūtĭno]{.smallcaps}, [glūtĭnōsus]{.smallcaps}, [agglūtĭno]{.smallcaps}, [conglūtĭno]{.smallcaps}, [conglūtĭnōsus]{.smallcaps}, [dēglūtĭno]{.smallcaps}, and [inglūtĭnātus]{.smallcaps} (see LS for words containing the root -*glut*- with the meaning '(to) glue'): \*l?ud\*, \*lud\*, \*gud\*, \*iud\* (for all the given regular expressions, \<t> was also searched instead of \<d> in CORDE)."
"glūs, -tis",gl,OL,#_,F,"glūs, -tis",Late Lat.,loa,NA,Salam.,NA,LEN/DEL,/l/,u.e.,0,REW (3806); DEEH (712).
"glūs, -tis",gl,OL,#_,F,"glūs, -tis",Late Lat.,engrude,grudo,GP,13,RHOT,/Oɾ/,u.e.,0,"Georges (glus/gluten); DCECH (engrudo); DEHLP (grude); TMILG (CSM, HT, CT); CVGP (198; also in DDGM); REW (3806); GCLI (236). DELG (engrudo/grudo) seemed to imply that Gal. *engrudo* and Gal. *grudo* (both with the Pt. cognate *grude*) come from different etymons, i.e., [glūten, -inis]{.smallcaps} and Lat. [glūs, -tem]{.smallcaps}. Attempted root or stem reconstruction for words like Lat. [gluo]{.smallcaps}, [glūten]{.smallcaps}, [glūtĭnātĭo]{.smallcaps}, [glūtĭnĕus]{.smallcaps}, [glūtĭno]{.smallcaps}, [glūtĭnōsus]{.smallcaps}, [agglūtĭno]{.smallcaps}, [conglūtĭno]{.smallcaps}, [conglūtĭnōsus]{.smallcaps}, [dēglūtĭno]{.smallcaps}, and [inglūtĭnātus]{.smallcaps} (see LS for words containing the root -*glut*- with the meaning '(to) glue'): \*chud\*, \*lud\*, \*xud\*, \*iud\* (for all the given regular expressions, \<t> was also searched in the corpora instead of \<d>; \<g> = \<g i j> in TMILG) (also DDGM)."
glūma,gl,OL,#_,F,glŭbāre,Lat.,gluma,NA,Sp.,19,NA,/Ol/,BORR,0,"DCECH (gluma); no information on Ibero-Romance was found in REW (3804-5). Attempted root or stem reconstruction for words like Lat. [dēglūbo]{.smallcaps} and [glūbo]{.smallcaps} (see LS for words containing the root -*glu*- with the meaning 'to bark, peel'): \*iub\*, \*lub\*, \*jub\*, \*llub\* (CORDE)."
glūma,gl,OL,#_,"F, tilg date?",glŭbāre,Lat.,gluma,NA,Gal.,20,NA,/Ol/,BORR,0,"No information on Ibero-Romance was found in REW (3804-5); DEM (1107); DEHLP (Pt. *gluma* is attested in the 18th century). Attempted root or stem reconstruction for words like Lat. [dēglūbo]{.smallcaps} and [glūbo]{.smallcaps} (see LS for words containing the root -*glu*- with the meaning 'to bark, peel'): \*chuv\*, \*chub\*, \*chum\*, lub\*, luv\*, lum\*, \*xub\*, \*xuv\*, \*xum\* (TMILG, DDGM). It may be semantically and phonologically possible for Gal. *deluvar* 'to peel, shell, dekernel, to rub (eyes, flax, etc)' (DRAG: deluvar) to come from Lat. [dēglūbo]{.smallcaps}. However, the etymological information on Gal. *deluvar* was scarce and usually pointed out to a derivational form of Gal. *luva* 'glove' (see *luva* (OSp.)) (DXL: 389; DELG: deluvar)."
"glŭtto, -ōnis",gl,OL,#_,F,gluttīre,Lat.,glotón,NA,OSp.,13,NA,/Ol/,NA,0,"With the meaning 'a glutton' (Georges: glutto 2; LS: glutto); DCECH (glotón); DRAE (glotón); no information on Spanish forms was found in REW (3807-10). DEEH (712) also gave Sp. *golostrón* and Ast. *goltrón* and *golitrón* (DGLA: golitrón; DALLA: golitrón, goldrón) as inherited words from Lat. [glŭtto, -ōnis]{.smallcaps}. The change /gl/ > /gol/ could have a variety of reasons, among which is the influence of Lat. [gulosus]{.smallcaps} 'gluttonous' > Sp. *goloso* (Georges and LS: gulosus) (see DCECH: glotón). Attempted root or stem reconstruction for words like Lat. [glutto/glūto]{.smallcaps}, [gluttus/glūtus]{.smallcaps}), [dēgluttĭo]{.smallcaps}, [ingluttio/inglūtio]{.smallcaps}, [inglŭvĭōsus]{.smallcaps}, and [transgluttio/transglūtĭo]{.smallcaps} (see LS for words containing the root -*glūt*- or -*glutt*-): \*cho\*, \*l?o\*, \*lo\*, \*n?o\* (CORDE)."
"glŭtto, -ōnis",gl,OL,#_,F,gluttīre,Lat.,grodom,NA,Gal.,13,RHOT,/Oɾ/,NA,0,"Georges (glutto 2); DEHLP (glutão). The given inherited form is written slightly different in different sources: *grodon* in DDGM (grodon, Rodrigues Lapa 1970), *grodom* in CVGP (Martim Soares, Paio Soares de Taveirós) and *grodõ* in CVGP (194). DEM (1107) claimed that Pt. *glutão* comes from Fr. *glouton*. GP *glotõ* is attested in the 14th century (TMILG: XH). Attempted root or stem reconstruction for words like Lat. [glutto/glūto]{.smallcaps}, [gluttus/glūtus]{.smallcaps}, [dēgluttĭo]{.smallcaps}, [ingluttio/inglūtio]{.smallcaps}, [inglŭvĭōsus]{.smallcaps}, and [transgluttio/transglūtĭo]{.smallcaps} (see LS for words containing the root -*glūt*- or -*glutt*-): \*chu\*, \*l?u\*, \*lu\*, \*gu\*, \*n?u\* (for all these combinations, also \<o> instead of \<u> was searched; g = \<g j i> see ""Asociacións gráficas"" in TMILG) (TMILG, DDGM)."
gracŭlus,kl,O(V)L,V_,F,grācŭlus,Lat.,grajos,NA,OSp.,15,OLPAL,/ʒ/,u.e.,1,"CRC (438); DCECH (grajo); Roberts (2014: 773); REW (3830); DEEH (714); CORDE. DCECH (grajo) claimed that the inherited words in some Romance varieties might come from Lat. [grāgŭlus]{.smallcaps}, while others might come from Lat. [grācŭlus]{.smallcaps}. For Galician-Portuguese and Spanish, both etyma could be possible (cf. Georges and OLD)."
grācŭla,kl,O(V)L,V_,F,grācŭlus,Lat.,gralheira,gralha,GP,13,OLPAL,/ʎ/,u.e.,1,"FF (135, 355); DCECH (grajo); REW (3830); DEEH (714). GP *gralha* or *gralho* are attested in the 15th century (DEHLP: gralha/gralho; DEM: 1123). For GP *graleira* or *gralheira* 'cawing, place where jackdaws are common', see CVGP (197), DEM (1123) and DDD (gralleira) (original source PMH, *Leges* IV: 650). Further toponyms like *Graliaria, Grallaria* and *Grallia* might be attested in the 11th-12th centuries (cf. DELG: gralla; see DEM: 1123). DCECH (grajo) claimed that the inherited words in some Romance varieties might come from Lat. [grāgŭlus]{.smallcaps}, while others might come from Lat. [grācŭlus]{.smallcaps}. For Galician-Portuguese and Spanish, both etyma could be possible (cf. Georges and OLD)."
*hĭnnītŭlāre,tl,O(V)L,V_,F,hinnire,Late Lat.,reninchando,NA,OSp.,13,OLPAL,/ʧ/,u.e.,1,"CRC (271, 314); REW (4138); CORDE. According to DCECH (relinchar), the evolution of the etymon would be as follows: Lat. [hinnire → hinnitare → \*hĭnnītulare > hĭnnīclare]{.smallcaps} > \**eninchar* > OSp. *reninchar* > Sp. *relinchar*. The nasalization of the onset nasal extended through the vowel nucleus, creating a nasal coda. For this reason, this OL cluster resulted in /ʧ/, which is the common outcome for postconsonantal OL clusters in Spanish (ibid.). An alternative etymon \*[rehinnitulare]{.smallcaps} would also be possible (cf. DRAE: relinchar; DEHLP: rinchar; DEEH: 727, 919)."
*hĭnnītŭlāre,tl,O(V)L,V_,F,hinnire,Late Lat.,rrinchar,NA,GP,14,OLPAL,/ʧ/,u.e.,1,"DDGM (rrinchar); TMILG (HT, CT). According to DCECH (relinchar), the evolution of the etymon would be as follows: [hinnire → hinnitare → \*hĭnnītulare > hĭnnīclare]{.smallcaps} > (\**eninchar*) > reninchar > Gal. *rinchar*. The nasalization of the onset nasal extended through the vowel nucleus, creating a nasal coda (ibid.). An alternative etymon \*[rehinnitulare]{.smallcaps} would also be possible (cf. DELG: rinchar, DEHLP: rinchar, DEEH: 919, DEM: 1877)."
īnsŭla,NA,O(V)L,C_,F,īnsŭla,Lat.,inssoa,ilha,GP,13,-SINC,/ʎ/,-OL,0,"FF (340, 367); DEEH (745); DCECH (isla); cf. REW (4475); TMILG (CSM, HT, CT). Several sources implied that GP *ilha* (14th century) was a Catalan borrowing (DEM: 1209-10; DEHLP: ilha; DDGM: ilha, especially TC)."
īnsŭla,NA,O(V)L,C_,F,īnsŭla,Lat.,isla,NA,OSp.,13,NA,/sl/,-OL,0,CRC (259); DCECH (isla); DEEH (745); cf. REW (4475); DRAE (isla); CORDE.
ĭnflāre,fl,OL,C_,F,ĭnflāre,Lat.,yncha,NA,OSp.,13,OLPAL,/ʧ/,NA,1,"CRC (272); GCLI (233); REW (4406); DCECH (hinchar); DEEH (742); DRAE (hinchar); Lat. [īnflāre]{.smallcaps} and [īnflātus]{.smallcaps} in Georges (no vowel length information in OLD, 901-2). It is unclear whether OSp. *inchado* (CORDE, 13th century) came from Lat. [ĭnflātus]{.smallcaps} or whether it was the regular participle form of OSp. *inchar*. Attempted root or stem reconstruction for words like Lat. [ădinflo, inflātĭlis, inflātus]{.smallcaps}, and [sŭbinflo]{.smallcaps} (see LS for words containing the root -*infl*-): \*inch\*, \*jnch\*, \*ynch\* (CORDE)."
ĭnflāre,fl,OL,C_,F,ĭnflāre,Lat.,inchou,NA,GP,13,OLPAL,/ʧ/,NA,1,"FF (331); GCLI (233); REW (4406); cf. DEHLP (inchar); DELG (inchar); TMILG (CSM, LP, CT); DDGM (CVGP); DEHLP (inchar); DEM (1219-20). It is unclear whether GP *inchado* (TMILG: CSM/LP, 13th century) came from Lat. [ĭnflātus]{.smallcaps} or whether it was the regular participle form of GP *inchar* (cf. DEHLP: inchado). Attempted root or stem reconstruction for words like Lat. [ădinflo]{.smallcaps}, [inflātĭlis]{.smallcaps}, [inflātus]{.smallcaps}, and [sŭbinflo]{.smallcaps} (see LS for words containing the root -*infl*-): \*inch\*, \*jnch\*, \*ynch\* (TMILG, DDGM)"
"ĭnflatio, -ōne",fl,OL,C_,F,ĭnflāre,Lat.,inchaçon,NA,GP,13,OLPAL,/ʧ/,NA,1,"REW (4407); DEHLP (inchação); DEM (1219-20); DDGM (inchaçon); cf. DEEH (742); TMILG (CSM, TA)."
"ĭnflatio, -ōne",fl,OL,C_,F,ĭnflāre,Lat.,inchazón,NA,OSp.,13,OLPAL,/ʧ/,NA,1,REW (4407); DEEH (742); cf. DCECH (hinchar); CORDE.
ĭnflāre,fl,OL,C_,F,ĭnflāre,Lat.,unfllar,NA,Rib. Arag.,NA,OLPAL,/Oʎ/,NA,1,GCLI (233); Aragonario; Viudas Camarasa (1979).
ĭnsūbŭlum,bl,O(V)L,V_,F,ĭnsūbŭlum,Lat.,ensullo,NA,Gal.,19,NA,/ʎ/,u.o.,NA,"GCLI (281); DELG (ensullo); DDD (ensullo/enxullo); no information was found in DXL, DRAG, DEEH (745), DEHLP and DEM."
ĭnsūbŭlum,bl,O(V)L,V_,F,ĭnsūbŭlum,Lat.,ensullo,NA,OSp.,13,OLPAL,/ʎ/,NA,1,"CRC (433-4); GCLI (281); DCECH (enjullo); REW (4474); DRAE (ensullo); DEEH (745); cf. Georges (insubulum); cf. CORDE. The quantity of the /i/ and stressed /u/ varies depending on the source; DCECH argued that Italian and Spanish evidence support a long /u/. For the discussion on /bl, bul/ > /ʎ/ in Spanish see *trillo* (OSp.)."
lentĭcŭla,kl,O(V)L,V_,F,"lēns, -tis",Lat.,lentejas,NA,OSp.,13,OLPAL,/ʒ/,NA,1,CRC (438); REW (4980); DRAE (lenteja). DCECH (lenteja) suggested that the first instances of OSp. *lenteja* date from the 12th century but I could locate any before the 13th century in CORDE.
lentĭcŭla,kl,O(V)L,V_,F,"lēns, -tis",Lat.,lentellas,NA,GP,14,OLPAL,/ʎ/,NA,1,"FF (136); GCLI (278); DELG (lentella); TMILG (XH, HT); DDGM (lentegoso/lentella); DCECH (lenteja); cf. REW (4980) and DEHLP (lentilha)."
sŭblĕvāre,bl,OL,V_,F,levis,Lat.,solieuo,NA,OSp.,15,LEN/DEL,/l/,NA,0,DEEH (996); cf. REW (8373); DRAE (solevar); DCECH (leve); CORDE.
*sŭblĕviāre,bl,OL,V_,F,levis,Late Lat.,soliuiate,NA,OSp.,13,LEN/DEL,/l/,NA,0,"Georges (levio); DEEH (996); cf. REW (8374); DRAE (soliviar); CORDE. DCECH (leve) suggested that Sp. *soliviar* was a mixed word, involving the Sp. words *solevar* and *aliviar*."
*bislĭgŭla,gl,O(V)L,V_,F,lĭgŭla,Late Lat.,viniebla,NA,Sp.,16,NA,/Ol/,u.o.,NA,"It is uncertain whether Sp. *viniebla* comes from Late Lat \*[bislĭgŭla]{.smallcaps} or \*[bislingua]{.smallcaps} (CRC: 102, 440; DCECH: viniebla; Roberts 2014: 697; DEEH: 508)."
sŭblĭnguanĕus,bl,OL,V_,F,lingua,Late Lat.,solenguaño,NA,Sant.,NA,LEN/DEL,/l/,NA,0,DEEH (996); REW (8377); no information found in DCECH or DRAE.
lĭgŭla,gl,O(V)L,V_,F,lingua,Lat.,legra,NA,OSp.,13,RHOT,/Oɾ/,NA,0,"Georges and LS (ligula); CRC (102, 440); DEEH (777); DRAE (legra); CORDE; DCECH (legra) considered (O)Sp. *legra* to be a semi-learned word."
lĭgŭla,gl,O(V)L,V_,F,lingua,Lat.,llegra,NA,Ast.,NA,RHOT,/Oɾ/,NA,0,DCECH (legra); DGLA (llegre); DEEH (777).
lĭgŭla,gl,O(V)L,V_,F,lingua,Lat.,legra,NA,GP,15,RHOT,/Oɾ/,NA,0,"Georges and LS (ligula); DEHLP (legra); DELG (legra/alegres); DDD (legra/llerga); TLPGP (legra); DEM (1341); DXL (736); DEEH (777). According to DCECH (legra), GP *legra* was attested already in the 14th century. Notably, none of the inherited words provided by REW (5036) shows traces of OL palatalization."
*lumbrīcŭla,kl,O(V)L,V_,F,lumbrīcus,Late Lat.,lambrija,NA,Sp.,18,OLPAL,/ʒ/,NA,1,"CRC (439, 446); DCECH (lombriz); DEEH (783); DRAE (lambrija); REW (5157); NTLLE (lambrija); no examples of *lambrija(s)* or *lombrija(s)* were found in CORDE."
mascŭlus,kl,O(V)L,C_,F,"mās, -ris",Lat.,macho,maslo,OSp.,13,OLPAL,/ʧ/,NA,1,"CRC (259); GCLI (283); DRAE (macho 1); CORDE. As DCECH (macho I) pointed out (also DDGM: macho, TC), there is no reason to think that Sp. *macho* is a GP borrowing (cf. REW: 5392) since /ʧ/ is the normal outcome for postconsonantal OL clusters in Spanish (cf. García-Covelo 2025: 27-9)."
mascŭlus,kl,O(V)L,C_,F,"mās, -ris",Lat.,macho,NA,GP,13-14,OLPAL,/ʧ/,NA,1,"FF (219, 331); GCLI (283); DELG (macho 2); DDGM (TC); TMILG (TC, XH, TA); cf. DEHLP (macho) and REW (5392)."
macŭla,kl,O(V)L,V_,F,macŭla,Lat.,mancha,NA,OSp.,13,OLPAL,/ʧ/,NA,1,"GCLI (282); REW (5212); DRAE (mancha 1); CORDE. DCECH (mancha I/malla) suggested that the extension of the nasality to the syllable coda resulted in a form \*[mangla]{.smallcaps} or \*[mancla]{.smallcaps} (cf. CRC 271, 438). This would have resulted in /ʧ/, which was the regular outcome of postconsonantal OL clusters in Spanish (cf. García-Covelo 2025: 27-9); see DCECH (manglar) for a posible origin of Sp. *mangle* in Lat. [macŭla]{.smallcaps}; see DEEH (789, 795) for a different explanation of [\*mancla/\*mancŭla]{.smallcaps}."
macŭla,kl,O(V)L,V_,F,macŭla,Lat.,desmayar,mangra,Leon.,14,OLPAL,NA,NA,1,"cf. DEEH (789); DGLA (maya 2). DCECH (mancha I/malla) suggested that the extension of the nasality to the syllable coda resulted in a form [\*mangla]{.smallcaps} or [\*mancla]{.smallcaps} (cf. CRC: 271, 438)."
macŭla,kl,O(V)L,V_,F,macŭla,Lat.,malha,"mãchas, mágoa, mangra",GP,14,OLPAL,/ʎ/,NA,1,"DEHLP (mágoa/mangra); DEEH (789), 795); Lat. [macŭla]{.smallcaps} > [manc'la]{.smallcaps} > GP *mancha* through extension of the nasality to the syllable coda (cf. FF: 331; GCLI: 282; DCECH: mancha I; DELG: mancha; DEHLP: mancha/macul-; DEM: 1384). According to REW (5212), Pt. *mancha* is a Sp. borrowing (cf. DCECH: mancha I). Depending on the meaning, GP *malha* 'stain, blemish' could come from Lat. [macŭla]{.smallcaps} (DELG: malla 2; NDLP: malha 1; DEEH: 789; DEM: 1383; DEHLP: malha 2) or be a borrowing from Fr. *maille* if the meaning is 'mesh, type of fabric' (DEHLP: malha 1; DELG: malla 1; DXL: 769; cf. also DCECH: malla and DEM: 1383). DEM (1383) and DDGM (malha, CVGP) claimed that GP *malha* was first attested in the 18th century. DEHLP (malha 2) claimed that the first attestation was in the 14th century but the original sources could not be examined. Both GP *mãchas* (TMILG: CT) and GP *magoa/mágoa* (DEM: 1383) are attested in the 14th century, GP *mangra* in the 15th century (DEM: 1384)."
macŭlāre,kl,O(V)L,V_,F,macŭla,Lat.,manchados,magular,OSp.,13,OLPAL,/ʧ/,NA,1,"DRAE (manchar 1). CRC (438), DCECH (magullar) and DRAE (magullar/magular) suggested that OSp. *magullar* (15th century) was an alteration of *magular* (16th century) by influence of *abollar*; cf. REW (5213); DRAE (magullar); Roberts (2014: 163); DCECH (mancha I)."
macŭlāre,kl,O(V)L,V_,F,macŭla,Lat.,magoasse,NA,GP,14,"-SINC, LEN",/O/,NA,0,DXL (773); DCECH (magullar); REW (5213); DEHLP (magoar); DEEH (789); cf. DELG (magoar); GP *manchar* might have been derived from GP *mancha* (DEHLP: manchar; DELG: manchar; DEM: 1384) and GP *magoar* from GP *magoa* (ibid.).
*macŭlāta,kl,O(V)L,V_,F,macŭla,Lat.,majada,NA,OSp.,12,OLPAL,/ʒ/,NA,1,"CRC (438); DRAE (majada); DCECH (magullar/majada); DEEH (789); Roberts (2014: 156); cf. REW (5212, \< [macŭla]{.smallcaps}). The earliest example I could find in CORDE is OSp. *maiada* (13th century), even though DCECH (majada) suggested that examples from the 12th century exist."
*macŭlāta,kl,O(V)L,V_,F,macŭla,Lat.,malhada,NA,GP,13,NA,/ʎ/,u.o.,NA,"DXL (769); DDGM (mallada); TMILG (CSM); cf. DCECH (majada); REW (\<[macŭla]{.smallcaps}, 5212). DELG (mallada) gave a different etymology, from a protocelt. root *\*mel-/\*mal-*. DEHLP (malhada/malha1) claimed that Pt. *malhada* is a derivational form of *malha* and DEM (1402-3) suggested that GP *mallada* was derived from either GP *malha* (\< Lat. [māgālia]{.smallcaps}) or from GP *malhar* 'to beat with a hammer' (ultimately from Lat. [malleu]{.smallcaps})."
*trĭmacŭlum,kl,O(V)L,V_,F,macŭla,Late Lat.,tresmallo,NA,Sp.,16,NA,/ʎ/,BORR,1,"DCECH (malla 1); DEEH (1034). Sp. *tresmallo* or *trasmallo* might come from Arag. *trasmallo* (cf. DRAE: trasmallo; Roberts 2014, 642), as the expected outcome of an intervocalic OL cluster in Spanish is /ʒ/ > /x/ and not /ʎ/ (cf. García-Covelo 2025: 27-9). REW (8875) gave Lat. \*[trēmacŭlum]{.smallcaps} as etymon but did not provide any Sp. inherited words."
*trĭmacŭlum,kl,O(V)L,V_,F,macŭla,Late Lat.,tramallo,NA,Ast.,NA,OLPAL,/ʎ/,NA,1,DRAE (trasmallo); DCECH (malla 1); DGLA (tresmallu); DALLA (tresmayu).
*trĭmacŭlum,kl,O(V)L,V_,F,macŭla,Late Lat.,trasmalhos,NA,GP,14,OLPAL,/ʎ/,NA,1,"DCECH (malla 1); DDGM (trasmalho/trasmalhar, see for the example's context); cf. TMILG (GP *tramallo* and *trasmallos* attested in 14th-15th-century FMST); DDD (tramallo/trasmallo); TLPGP (tramallo); REW (8875) gave Lat. \*[trēmacŭlum]{.smallcaps} as etymon (also DEHLP: tremalho). DELG (malla 1) seemed to suggest that it is a derivational form of Gal. *malla*, which comes from Fr. *maille*."
manĭcŭla,kl,O(V)L,V_,F,manus,Lat.,manijas,NA,OSp.,15,OLPAL,/ʒ/,NA,1,"CRC (439, 447); DEEH (796); REW (5303); DRAE (manija). DCECH (mano) considered Sp. *manija* a Cat. borrowing."
manŭcŭlus,kl,O(V)L,V_,F,manus,Late Lat.,manojos,NA,OSp.,13,OLPAL,/ʒ/,NA,1,"CRC (439); GCLI (279); DEEH (798); REW (5306); cf. CORDE. According to DCECH (mano), Late Lat. [manŭcŭlus]{.smallcaps} was an alteration of Lat. [manĭpŭlus]{.smallcaps}. For information on Sp. *manopla*, see DCECH (manopla) or DEEH (796)."
manŭcŭlus,kl,O(V)L,V_,F,manus,Late Lat.,moolho,NA,GP,12,OLPAL,/ʎ/,NA,1,"FF (354); DCECH (mano); DELG (cadamollo); REW (5306); DEHLP (molho 1); DDGM (mãolho); GP *mõollo(s)* is attested in the 14th century (TMILG: XH); for the context of the given attested form, see DEM (1524) or the original source (PMH, *Leges* III: 474)."
*marcŭlātus,kl,O(V)L,C_,F,marcus,Late Lat.,machados,NA,GP,15,OLPAL,/ʧ/,NA,1,"With the GP meaning 'axe'; FF (331); DEHLP (machado); REW (5347); DDGM (machadijnha, CVGP); DELG (machada); TMILG (LCS, VFD). According to DEM (1380), there is an example of GP *machados* in the 13th century (PMH, *Leges* V: 679). See DCECH (macho II) for arguments against the given etymology (see also DXL: 762)."
marcŭlus,kl,O(V)L,C_,F,marcus,Lat.,macho,NA,OSp.,15,OLPAL,/ʧ/,NA,1,"CRC (259); GCLI (283); DRAE (macho 1); CORDE. As DCECH (macho I) pointed out (also DDGM: macho, TC), there is no reason to think that Sp. *macho* is a GP borrowing (cf. REW: 5392) since /ʧ/ is the normal outcome for postconsonantal OL clusters in Spanish (cf. García-Covelo 2025: 27-9)."
mĕspĭlum,pl,O(V)L,C_,F,mĕspĭlum,Lat.,nespereyra,NA,GP,10,NA,/O(V)ɾ/,NA,0,"Georges and LS (mĕspĭlus/mĕspĭlum); GCLI (69); DCECH (mízcalo); DEEH (810); Lat. [mĕspĭlus-m > nespĭlus > \*nespĭrus]{.smallcaps} > Gal. *níspero* (DEHLP: nêspera; REW: 5540; DELG: nespereira); GP *Nespereira/nespereyra* are attested between the 13th and 16th centuries in TMILG (DTT, MSMDFP, VFD, SVP), GP *nesperas* is attested in the 15th century (DEHLP: nêspera); for the context of the given inherited form, see DEM (1580) and the original source (PMH, *Diplomata et Chartae* I: 46)."
mĕspĭlum,pl,O(V)L,C_,F,mĕspĭlum,Lat.,nisperos,NA,OSp.,14,NA,/O(V)ɾ/,NA,0,Georges and LS (mĕspĭlus/mĕspĭlum); GCLI (69); DCECH (mízcalo); DEEH (810). REW (5540); CORDE. Lat. [mĕspĭlus-m > nespĭlus > \*nespĭrus]{.smallcaps} > Sp. *níspero* (cf. DEHLP: nêspera and DRAE: níspero)
nībŭlus,bl,O(V)L,V_,F,mīlvus,Late Lat.,nebli,NA,OSp.,13,NA,/Ol/,NA,0,CRC (433); REW (5904); cf. DRAE (from Mozarab. *burní*); DEEH (836); CORDE. A possible evolution of the etymon would be as follows: Lat. [nīlvus]{.smallcaps} (alternative form of [mīlvus]{.smallcaps}) > \*[nīlvulus]{.smallcaps} > [nībulus]{.smallcaps} > \*[niblo]{.smallcaps} > OSp. *neblí* (cf. DCECH: neblí).
nībŭlus,bl,O(V)L,V_,F,mīlvus,Late Lat.,nevris,NA,GP,15,NA,/Oɾ/,NA,0,REW (5904); see DEHLP (nebri) for information on the inherited form; DEEH (836). A possible evolution of the etymon would be as follows: Lat. [nīlvus]{.smallcaps} (alternative form of [mīlvus]{.smallcaps}) > \*[nīlvulus]{.smallcaps} > [nībulus]{.smallcaps} > \*[niblo]{.smallcaps} > GP *nevris* (cf. DCECH: neblí). DEM (1573) considered Pt. *nebri* to be a Sp. borrowing.
mīracŭlum,kl,O(V)L,V_,F,mīracŭlum,Lat.,miraclo,"milagro, miraglo",OSp.,13,"LEN, META","/Ol/, /Oɾ/",NA,0,"CRC (438); GCLI (278); DEEH (814); DRAE (milagro/miraglo). REW (5602) gave several inherited forms of Lat. [mīracŭlum]{.smallcaps}, including Sp. *milagro* and Pt. *milagre*, and considered all of them to be technical or learned words (""Buchwörter""). Notably, none of the given inherited words shows traces of OL palatalization. DCECH (mirar) described Sp. *milagro* as a semi-learned word (""descendiente semiculto"")."
mīracŭlum,kl,O(V)L,V_,F,mīracŭlum,Lat.,miragre,milagre,GP,13,"RHOT, META, LEN",/Oɾ/,NA,0,"FF (61); GCLI (278); DELG (milagre); DEHLP (milagre); DDGM (miragre, especially TC); TMILG (LP, CSM, CI). REW (5602) gave several inherited forms of Lat. [mīracŭlum]{.smallcaps}, including Sp. *milagro* and Pt. *milagre*, and considered all of them to be technical or learned words (""Buchwörter""). Notably, none of the given inherited words shows traces of OL palatalization. DEM (1504) claimed that the evolution of GP *milagre* had a conservative ecclesiastical influence."
mĭscŭlāre,kl,O(V)L,C_,F,miscēre,Late Lat.,mezclados,NA,OSp.,12,NA,/Ol/,NA,0,"Georges (miscere); CRC (256, 269); DRAE (mezclar); Roberts (2014: 203); DEEH (815); CORDE. According to REW (5606), Sp. *mezclar* was borrowed from Cat. *mesclar* (see arguments against this in DCECH: mecer). For Sp. *níscalo/mízcalo*, see DCECH and Roberts (2014: 214). DCECH (mecer) suggested that the lack of OL palatalization could be due to the predominance of a more phonetically conservative form or to a later loss of the unstressed vowel (syncope), which could have potentially prevented OL palatalization."
mĭscŭlāre,kl,O(V)L,C_,F,miscēre,Late Lat.,mezcrar,NA,GP,13,RHOT,/Oɾ/,NA,0,"Georges (miscere); DDGM (miscla/misclar); NDLP (mesclar); DEEH (815); DEHLP (mesclar); cf. DCECH (níscalo); TMILG (CSM, LP, CT). According to REW (5606), Pt. *mesclar* and Gal. *mezcrar* were borrowed from Cat. *mesclar* (see arguments against this in DCECH: mecer). DCECH (mecer) also suggested that the lack of OL palatalization could be due to the predominance of a more phonetically conservative form or to a later loss of the unstressed vowel (syncope), which could have potentially blocked OL palatalization. DEM (1482) claimed that the evolution of Pt. *mesclar* had a conservative or learned influence (""com influência culta"")."
mōbĭlis,bl,O(V)L,V_,F,mŏvēre,Lat.,mueble,moble,OSp.,13,NA,/Ol/,NA,0,"CRC (433); DEEH (816); DRAE (mueble/moble); REW (5624); according to DCECH (mover), OSp. *muebele* is already attested in the 11th century."
mōbĭlis,bl,O(V)L,V_,F,mŏvēre,Lat.,mouil,NA,GP,13,-SINC,/O(V)l/,NA,0,DEHLP (móvel); REW (5624); DEM (1546); DDGM (moble/movil); cf. TMILG.
mūscŭlus,kl,O(V)L,C_,F,mūs,Lat.,muslo,NA,OSp.,13,NA,/l/,NA,0,CRC (259); DRAE (muslo); REW (5772); cf. Roberts (2014: 240); DEEH (828); DCECH (mur); CORDE.
mūscŭlus,kl,O(V)L,C_,F,mūs,Lat.,musclo,musgoo,GP,14,NA,/Ol/,NA,0,"CRC (364); DEEH (828); DEHLP (músculo); DDD (musgo, see where the word has the meaning 'muscle'); TLPGP (musgo/músculo); for information on the source of the inherited form, see DEHLP (músculo). According to REW (5772), DEM (413) and NDLP (bucho), Pt. *bucho* comes from Lat. [mūscŭlus]{.smallcaps}, but DCECH (buche I) and DEHLP (bucho/buch-) rejected this hypothesis (cf. DRAE: buche and DELG: bocha 1/bucho). REW (5772) and DEEH (828) gave the GP form *musgoo*, which I could not locate in DDGM, TMILG, DEHLP or DEM."
"*mŭtŭlo, -ōnis",tl,O(V)L,V_,F,mŭtŭlus,Late Lat.,moion,NA,OSp.,11,OLPAL,/ʒ/,NA,1,"CRC (437, 449); GCLI (279); DRAE (mojón); REW (5797); DCECH (mojón); DEEH (830) preferred Lat. [mŭtŭlus]{.smallcaps} as the etymon; cf. CORDE; OSp. *mojón* is attested in the 12th century (cf. CORDE)."
"*mŭtŭlo, -ōnis",tl,O(V)L,V_,F,mŭtŭlus,Late Lat.,moliones,malhões,GP,10,OLPAL,/ʎ/,NA,1,"REW (5797); DCECH (mojón); DEEH (830); DDGM (mollon, CVGP); TMILG (GP *mollon* attested in FCR); cf. DDD (mallón); for information on the context and source of both given inherited forms, see CODOLGA, DDGM (mollon, CVGP) and DEHLP (malhão 1). DELG (mollón) gave a different etymology, from Cauc. (Caucasus?) *\*mal-* or *\*mel-*. DEHLP (malhão 1/malho) derived GP *maliones/mollon* (attested forms) 'mark or sign to indicate land boundaries' from GP *malho* 'big hammer', for which Lat. [mallĕus]{.smallcaps} is preferred as etymon. DEM (1403) gave the same etymology but Pt. *malhão* seems not to be related to the meaning 'mark or sign to indicate land boundaries'. DDGM (mollon, TC) seemed to claim that GP *moliones*, *moion* (attested forms) are Sp. borrowings."
"*mŭtŭlo, -ōnis",tl,O(V)L,V_,F,mŭtŭlus,Late Lat.,amuñonar,"muñón, moyón",Ast.,NA,OLPAL,/ɲ/,NA,1,"With the meaning 'mark or sign to indicate land boundaries'; CRC (437, 449); GCLI (279); DCECH (mojón II); DEEH (830); DGLA (muñón)."
nĕbŭla,bl,O(V)L,V_,F,nĕbŭla,Lat.,niebla,NA,OSp.,13,NA,/Ol/,NA,0,CRC 433; GCLI (281); DCECH (niebla); REW (5865); CORDE.
nĕbŭla,bl,O(V)L,V_,F,nĕbŭla,Lat.,névoa,nebra,GP,13,"-SINC, LEN",/O/,NA,0,"FF (222); GCLI (281); cf. REW (5865); DEHLP (névoa); DDGM (neuoa/névoa); see CMGP (Martin Anes Marinho) for the original text, other examples in DEM (1582-3); cf. TMILG; GP *nebra* is attested in the 14th century (TMILG: VIM)."
neglĕgentĭa,gl,OL,V_,F,neglego,Lat.,negrigença,"negryiança, negleença",GP,14,RHOT,/Oɾ/,NA,0,"No information on Ibero-Romance was found in REW (5877-9); DEHLP (negligência); DEM (1576); DDGM (negrigẽça). GP *negleença* is attested in 13th-century CDMO but it seems to be written as *negleẽʢa* in a different version of the same text in HGP (TMILG, see also GP *negregencya* in TA and LP for the given inherited form). Lat. /g/ was lost before /j i/ (FF: 365), so GP *negleença* should not necessarily be considered a Lat. borrowing. Attempted root or stem reconstruction for words like Lat. [neglectē, neglectĭo, neglector, neglĕgens]{.smallcaps}, and [neglĕgo]{.smallcaps} (see LS for words containing the root *negle-*): ne\*e\*, ne\*i\* (more general regular expressions to account for possible diphthongization) (i = \<j y i>, see ""Asociacións gráficas"" in TMILG) (TMILG, DDGM)."
neglĕgentĭa,gl,OL,V_,F,neglego,Lat.,negligencia,NA,OSp.,13,NA,/Ol/,BORR?,0,"No information was found in REW (5877-9), DCECH and DEEH; DRAE (negligencia); CORDE (examples of OSp. *negligencia* before the 13th century in Latin texts). OSp. *neglir* (12th century) could be a form of OSp. *negligir* (\< Lat. [neglĕgere]{.smallcaps}) but its meaning is unclear (see CORDE). Attempted root or stem reconstruction for words like Lat. [neglectē, neglectĭo, neglector, neglĕgens]{.smallcaps}, and [neglĕgo]{.smallcaps} (see LS for words containing the root *negle*-): ne\*e\*, ne\*i\*, ne\*j\*, ne\*y\* (more general regular expressions to account for possible diphthongization) (CORDE)."
nŏvācŭla,kl,O(V)L,V_,F,nŏvācŭla,Lat.,navaja,NA,OSp.,13,OLPAL,/ʒ/,NA,1,"CRC (438, 139); GCLI (278); DCECH (navaja); DRAE (navaja); DEEH (838); REW (5965)."
nŏvācŭla,kl,O(V)L,V_,F,nŏvācŭla,Lat.,Navalia,NA,GP,11,OLPAL,/ʎ/,NA,1,"GCLI (278); DELG (navalla); REW (5965); DCECH (navaja); DEEH (828); DEHLP (navalha); DEM (1571); DDGM (navalla); TMILG (CSM, CDMO, CT); for the given inherited form, see FF (135, 354) and CODOLGA; Mir. *nabalha*."
nūbĭlus,bl,O(V)L,V_,F,nūbes,Lat.,nublo,ñublo,OSp.,13,NA,/Ol/,NA,0,CRC (433); DCECH (nube); DEEH (838); REW (5978); DRAE (nublo); cf. CORDE.
nūbĭlus,bl,O(V)L,V_,F,nūbes,Lat.,núvia,nuvioso,Pt.,16,-SINC,/O/,NA,0,DEEH (838); DEM (1602); REW (5978); DEHLP (nuvioso/nub-); TLPGP (núbia/nuvem).
nubĭlāre,bl,O(V)L,V_,F,nūbes,Lat.,nublado,añublar,OSp.,13,NA,/Ol/,NA,0,CRC (433); DEEH (838); cf. REW (5975); DRAE (nublar/añublar); cf. DCECH (nube); CORDE.
nubĭlāre,bl,O(V)L,V_,F,nūbes,Lat.,nuveado,NA,GP,13,-SINC,/O/,NA,0,cf. DEEH (838) and REW (5975); DEM (1602); DEHLP (nublar); DDGM (nuveado); TMILG (CSM).
*bĭsŏcŭlus,kl,O(V)L,V_,F,ŏcŭlus,Late Lat.,birollo,NA,Gal.,19,OLPAL,/ʎ/,NA,1,DCECH (bisojo); DXL (175); DELG (birollo-a); DDD (birollo).
*bĭsŏcŭlus,kl,O(V)L,V_,F,ŏcŭlus,Late Lat.,bisuejo,NA,OSp.,15,OLPAL,/ʒ/,NA,1,"DCECH (bisojo); DRAE (bisojo); TDHLE (bisojo); cf. REW (6038); DEEH (60-1, 1057) preferred Lat. [versa ŏcŭlum]{.smallcaps} as etymon; for information on the given inherited form, see DCECH (bisojo); no examples of OSp. *bisuejo(s)* or *(V)visojo(s)* were found before the 16th century (cf. CORDE)."
adŏcŭlāre,kl,O(V)L,V_,F,ŏcŭlus,Lat.,aojados,NA,OSp.,13,NA,/ʒ/,u.o.,NA,It is unclear whether OSp. *aojar* came from Latin (REW: 189; cf. 6083; DEM: 1619) or whether it is a derivational form of OSp. *ojo* (DRAE: aojar; Roberts 2014: 139; cf. DCECH: ojo; CRC: 65); CORDE.
adŏcŭlāre,kl,O(V)L,V_,F,ŏcŭlus,Lat.,aolhasse,NA,GP,13-14,OLPAL,/ʎ/,NA,1,"REW (189, cf. 6083); DEHLP (olhar); DEM (1619); TMILG (LP); DDGM (aolhar); cf. DELG (ollo); GP *aolhar* could also be a derivational form of GP *olho* (NDLP: olhar)."
apĕrī ŏcŭlos,kl,O(V)L,V_,F,ŏcŭlus,Lat.,abrojos,NA,OSp.,13,OLPAL,/ʒ/,NA,1,"CRC (424); DCECH (abrojo); DEEH (468); TDHLE (abrojo); CORDE. According to DRAE (abrojo), Sp. *abrojo* originated from the combination of *abre* and *ojo,* and not from Lat. [apĕrī ŏcŭlos.]{.smallcaps}."
apĕrī ŏcŭlos,kl,O(V)L,V_,F,ŏcŭlus,Lat.,abrolhos,NA,GP,13-14,OLPAL,/ʎ/,NA,1,"DCECH (abrojo); DELG (abrollo); TDHLE (abrojo); DDGM (abrollos, TC); DEHLP (abrolho); DEEH (468); DEM (36); TMILG (TC, cf. DDGM)."
ŏcŭlus,kl,O(V)L,V_,F,ŏcŭlus,Lat.,ojo,NA,OSp.,12,OLPAL,/ʒ/,NA,1,"CRC (226, 439, 445); GCLI (278); REW (6038); DCECH (ojo); DRAE (ojo); CORDE; Sp. *anteojo* may come from Lat. [ante ŏcŭlum]{.smallcaps} (cf. DEEH: 467 and DELG: antollo) or from Sp. *ante + ojo* (DRAE: antojo; DCECH: ojo)."
ŏcŭlus,kl,O(V)L,V_,F,ŏcŭlus,Lat.,ollos,NA,GP,13,OLPAL,/ʎ/,NA,1,"FF (354); GCLI (278); DELG (ollo); DCECH (ojo); TMILG (LP, CSM, TC); DDGM (ollo); see also DEHLP (olho) and DEM (1619); see DELG (abesullar) for other possible inherited words from the Lat. root [ŏcŭlus]{.smallcaps}; Gal. *antollo* may come from Lat. [ante ŏcŭlum]{.smallcaps} (cf. DELG: antollo; DXL: 85; DEEH: 467) or from GP *ante + ollos* (DEHLP: antolho; DDGM: antolãte, TC); Mir. *uolho* (GCLI: 278)."
ŏcŭlus,kl,O(V)L,V_,F,ŏcŭlus,Lat.,güeyu,NA,Ast.,NA,OLPAL,NA,NA,1,GCLI (278); cf. DCECH (ojo); DGLA (güeyu); DALLA (güeyu).
*ŏblītāre,bl,OL,V_,F,oblītus,Late Lat.,olvidar,NA,OSp.,12,META,/lO/,NA,0,cf. Georges and LS (oblito/oblitus); GCLI (237); CRC (433); DCECH (olvidar); REW (6015); DEEH (841); CORDE.
*ŏblītāre,bl,OL,V_,F,oblītus,Late Lat.,obridar,olvidar,GP,13,RHOT,/Oɾ/,NA,0,"cf. Georges and LS (oblito/oblitus); GCLI (237); DCECH (olvidar); DEEH (841); DEHLP (olvidar); DDGM (olvidar, TC); TMILG (LP, CSM). It is possible that GP *olvidar*, attested in the 13th-14th centuries (TMILG: TC, XH, HT, CT), was an OSp. borrowing (REW: 6015; DDGM: TC; DEM: 1621). DEHLP (obridar) suggested that Pt. *obridar* is of Cat. or Prov. origin."
ŏblĭgāre,bl,OL,V_,F,obligo,Lat.,obligar,NA,OSp.,13,NA,/Ol/,NA,0,CRC (109); GCLI (237); REW (6012a); DRAE (obligar); DCECH (ligar).
ŏblĭgāre,bl,OL,V_,"F, outcome",obligo,Lat.,obrigo,obligo,GP,13,RHOT,/Oɾ/,NA,0,"GCLI (237); DELG (obrigar); REW (6012a); DDGM (obrigar); DEHLP (obrigar); DEM (1335-6); TMILG (CDMO; GP *obligo* also attested in VFD, CDMO)."
oblāta,bl,OL,V_,F,offerre,Lat.,oblada,NA,OSp.,13,NA,/Ol/,NA,0,"CRC (142); DEEH (841); DRAE (oblada); CORDE; Sp. *oblea* would be a Fr. borrowing (REW: 6012, DEEH: 841)."
oblāta,bl,OL,V_,F,offerre,Lat.,obradar,NA,GP,14,NA,/Oɾ/,NA,0,"DEEH (841); DEHLP (obrada 1/obradar); cf. DEM (972); DELG (oblada); Pt. *obreia* would be a Fr. borrowing (REW: 6012); DDGM (obladar); TMILG (VFD, GP *obladas* attested in the same source)."
ovĭcŭla,kl,O(V)L,V_,F,ovis,Lat.,ovelias,NA,OSp.,10,OLPAL,/ʒ/,NA,1,"CRC (135, 439, 544); REW (6124); DCECH (oveja); DEEH (847); DRAE (oveja); CORDE."
ovĭcŭla,kl,O(V)L,V_,F,ovis,Lat.,ouelias,NA,GP,9,OLPAL,/ʎ/,NA,1,"DELG (ovella); REW (6124); DEEH (847); DEHLP (ovelha); DDGM (ovella); TMILG (CSM, FCR, VFD); CODOLGA (*ouelias* also attested in the 10th and 11th centuries); for the given inherited form, see FF (136, 354) and DEM (1641); Mir. *oubeilha* (GCLI: 278)."
pānŭcŭla,kl,O(V)L,V_,F,pānus,Late Lat.,panojas,NA,OSp.,15,OLPAL,/ʒ/,NA,1,"CRC (439, 446); DCECH (panoja); REW (6209); Georges (panucula); DRAE (panoja); DEEH (853); CORDE."
*parĭcŭlus,kl,O(V)L,V_,"F, parejo + pareja?? (sg. and pl.) sonst F","pār, -ris",Late Lat.,parejo,NA,OSp.,13,OLPAL,/ʒ/,NA,1,CRC (439); REW (6241); DEEH (856); DCECH (par); Roberts (2014: 311); DRAE (parejo); CORDE.
*parĭcŭla,kl,O(V)L,V_,"F, parejo + pareja?? (sg. and pl.) sonst F","pār, -ris",Late Lat.,pareja,NA,OSp.,12,OLPAL,/ʒ/,NA,1,GCLI (278); REW (6240); DEEH (856); DCECH (par); Roberts (2014: 311); DRAE (parejo); CORDE.
*parĭcŭlus,kl,O(V)L,V_,"F, parejo + pareja?? (sg. and pl.) sonst F","pār, -ris",Late Lat.,parelios,NA,GP,11,OLPAL,/ʎ/,NA,1,"REW (6241); DEHLP (parelho); DELG (parella); DEM (1672). There are earlier examples of *parelios* in CODOLGA but these texts were written in Castile and León. For this reason, it is unclear whether they are valid examples of GP or the Medieval Latin of the region (see TMILG: HT for GP examples)."
*parĭcŭla,kl,O(V)L,V_,"F, parejo + pareja?? (sg. and pl.) sonst F","pār, -ris",Late Lat.,parella,NA,GP,13,OLPAL,/ʎ/,NA,1,"GCLI (278); REW (6240); DEHLP (parelha); DELG (parella); DDGM (parella, especially TC); DEM (1672); TMILG (CSM, LP, TC)."
parabŏla,bl,O(V)L,V_,F,parabŏla,Lat.,palabra,NA,OSp.,12,META,/Oɾ/,NA,0,CRC (433); DCECH (palabra); REW (6221); DEEH (854); DRAE (palabra); CORDE.
parabŏla,bl,O(V)L,V_,F,parabŏla,Lat.,palavra,"paravoa, paravras, paravla",GP,13,"META, LEN, RHOT",/Oɾ/,NA,0,"FF (222); DCECH (palabra); DEEH (854); cf. REW (6221); DDGM (palabra, especially TC); cf. DEHLP (palabra); DEM (1655-6); all given forms are attested in CSM (see also TMILG: TC, XH)."
pēdŭcŭlus,kl,O(V)L,V_,F,pēdis,Late Lat.,piojos,NA,OSp.,13,OLPAL,/ʒ/,NA,1,"CRC (50, 439); GCLI (278); DCECH (piojo); REW (6361); DEEH (862); DRAE (piojo); CORDE."
pēdŭcŭlus,kl,O(V)L,V_,"F, cunha",pēdis,Late Lat.,piollo,NA,GP,14,OLPAL,/ʎ/,NA,1,"FF (136); GCLI (278); DCECH (piojo); DEEH (862); cf. REW (6361); DELG (piollo); DDD (piollo, CVFLG). DEHLP (piolho) gave GP *peolhos* (14th century) as first attestation, which I could not locate in TMILG or DDGM, and DEM (1742) provided the example *piolho* (15th century)."
pĕrgŭla,gl,O(V)L,C_,"F, refs??",pĕrgŭla,Lat.,prégoa,NA,Minh. Pt.,NA,-SINC,/O/,NA,0,DCECH (pérgola); DEEH (867); DEM (1718); no information was found in DEHLP.
pĕrgŭla,gl,O(V)L,C_,F,pĕrgŭla,Lat.,piérgula,NA,Ast.,NA,NA,/O(V)l/,NA,0,"DCECH (pérgola); DGLA (piérgola); DEEH (867); cf. CORDE; see REW (6413), where most inherited words lack OL palatalization."
pĕrīcŭlum,kl,O(V)L,V_,F,perīcŭlum,Lat.,perigo,"perigros, prigoo",GP,13,-SINC,/O/,NA,0,"FF (221); cf. REW (6414); DEEH (867); DDGM (perigo); DEHLP (perigo); DEM (1722). In TMILG (CSM), GP *periglos* and *perigoo* are also found (see also TC, HT)."
pĕrīcŭlum,kl,O(V)L,V_,F,perīcŭlum,Lat.,peligro,"periglo, perigro",OSp.,13,"META, LEN",/Oɾ/,NA,0,"CRC (438); DCECH (peligro); DEEH (867); REW (6414); DRAE (peligro). In CORDE, both OSp. *peligro* and *periglo* are attested in the works of Berceo (13th century)."
plāga,pl,OL,#_,F,plāga,Lat.,llaga,NA,OSp.,13,OLPAL,/ʎ/,NA,1,"CRC (93, 97); GCLI (230); DCECH (llaga); REW (6562); DRAE (llaga); DEEH (878); CORDE."
plāga,pl,OL,#_,F,plāga,Lat.,chagas,NA,GP,13,OLPAL,/ʧ/,NA,1,"FF (329); GCLI (230); REW (6562); DDGM (chaga, especially TC); DEEH (878); DELG (chaga); DEHLP (chaga); DEM (564-5); TMILG (CSM, LP, HT)."
plagāre,pl,OL,#_,F,plāga,Late Lat.,llagar,NA,OSp.,12,OLPAL,/ʎ/,NA,1,DCECH (llaga); Roberts (2014: 147); DRAE (llagar); CORDE.
plagāre,pl,OL,#_,F,plāga,Late Lat.,chagou,NA,GP,13,OLPAL,/ʧ/,NA,1,"DEHLP (chagar); DDGM (chagar); DEM (564-5); REW (6562); DEEH (878); DEHLP (chagar); TMILG (CSM, LP, HT). DELG (chaga) and DDGM (chaga, TC) derived GP *chagar* from GP *chaga*."
applānāre,ppl,OL,V_,F,plānus,Late Lat.,achaar,NA,GP,13-14,NA,/ʧ/,u.o.,NA,"It is possible that Gal. *achandar* comes from Late Lat. [applānāre]{.smallcaps} (DDGM: achaar, TC; DEHLP: achanar; DXL: 18-19), but most sources did not support or discuss this possibility (cf. REW: 6568; DCECH: llano; DELG: chan; DEHLP: achanar) and instead assumed it to be a derivational form of GP *chan*. For information on Gal. *achanzar*, see DELG (chanzar) and DXL (19)."
applānāre,ppl,OL,V_,F,plānus,Late Lat.,allanada,NA,OSp.,13,NA,/ʎ/,u.o.,NA,"It is possible that OSp. *allanar* comes from Late Lat. [a(p)plānāre]{.smallcaps} (TDHLE: allanar) but most sources did not support or discuss this possibility (cf. REW: 6568, DCECH: llano, DRAE: allanar), and instead assumed it to be a derivational form of OSp. *llano*; CORDE."
plānāceus,pl,OL,#_,F,plānus,Late Lat.,chanzo,NA,Gal.,18,OLPAL,/ʧ/,u.e.,1,DCECH (llano); DELG (*chanzo* \< [\*planicius]{.smallcaps}); DDD (chanzo); DXL (270).
plānāria,pl,OL,#_,F,plānus,Late Lat.,chaira,cheira,Gal.,18,OLPAL,/ʧ/,NA,1,"It is unclear whether Gal. *chaira/cheira* 'cobbler's knife, level, plateau' are derivational forms of Gal. *chan* (DEHLP: chaira; DXL: 268) or whether they come from Lat. [plānārius]{.smallcaps} or [plānāria]{.smallcaps} (REW: 6569; DELG: chaira 1/2; DEEH: 878). DCECH (chaira) appeared to support Lat. [plānāria]{.smallcaps} as the etymon. Corominas argued that Gal. *chaira* and *cheira* are different results from the evolution Lat. /ajɾ/ > GP /aejɾ/ (ibid.). However, at the beginning of the entry, Corominas seemed to suggest that it was a derivational form from Gal. *chan*. See DDD (chaira) and TLPGP (chaira) for information on the different Galician forms, where *chaeira* and *cheeira* are also found."
*plānellum,pl,OL,#_,F,plānus,Late Lat.,"chenlo, chaelo",chaela,Gal.,20,OLPAL,/ʧ/,NA,1,"DCECH (llano); DELG (chelo); DDD (chenlo); TLPGP (chaela); TMILG (*Chaelo* is attested in 15th-century MSPT); DXL (267) considered Gal. *chaela* a synonym of Gal. *chá*. The arguments of DCECH (llano) seem convincing, i.e., Gal. *chenlo* and *\*chãelo* come from an -ellum diminutive of Lat. [plānus]{.smallcaps}. Given that intervocalic /l/ disappeared in Galician-Portuguese, it seems more likely that Gal. *chenlo* comes directly from Latin than to consider it a later derivational form."
plānus,pl,OL,#_,F,plānus,Lat.,llano,NA,OSp.,12,OLPAL,/ʎ/,NA,1,"Torreblanca (317, 320); REW (6581); GCLI (230); Georges (plānus); DEEH (879); DRAE (llano); CORDE. DCECH (llano) mentioned the ultracorrection *flano* in a 1080 document (cf. Torreblanca 1990). For information on Sp. *llana*, see DCECH (llano), DRAE (llana) and Roberts (2014: 147)."
plānus,pl,OL,#_,F,plānus,Lat.,Chano,NA,GP,8-10,OLPAL,/ʧ/,NA,1,"Georges (plānus); REW (6581); DELG (chan, see also chainada); DEEH (879); DEHLP (chão); DEM (571); DDGM (chão); GP *chã(a)o* is also attested in TMILG (TC, XH, HT) and in DDGM (chão, CSM); for information on the given inherited form, see FF (329-30)."
planĭtĭa,pl,OL,#_,F,plānus,Lat.,llaneza,NA,Sp.,16,OLPAL,/ʎ/,NA,1,LS (planitia/planities); CRC (532); REW (6574); cf. DCECH (llano); DEEH (879); DRAE (llaneza).
placēre,pl,OL,#_,F,placēre,Lat.,plazer,NA,OSp.,12,NA,/Ol/,NA,0,"CRC (526); DRAE (placer); CORDE. DCECH (placer) suggested that the lack of OL palatalization was due to the predominance of a more conservative form used by the upper-classes: ""Si en *placer* no se alteró el grupo inicial de consonantes no fué porque fuese voz culta ni aun semiculta, sino por ser vocablo muy empleado por las clases altas, y porque el agrado del señor importaba mucho más que el del rústico."" (ibid.). REW (6557) considered Sp. *placer* to be a technical or learned word (""Buchwort"")."
placēre,pl,OL,#_,F,placēre,Lat.,prazer,NA,GP,12,RHOT,/Oɾ/,NA,0,"GCLI (231); DDGM (plazer); DEHLP (prazer); for the given inherited form, see DEM (1749) or the original source (PMH, *Leges* III: 380); GP *prazer* is also attested in the 13th century (TMILG: LP, CSM); GP *prazer* is referred to as a (semi-)learned form by some sources (DDGM: prazer, see TC and Michaëlis 1920; REW: 6557; cf. DCECH: placer)."
placĭtus,pl,OL,#_,F,placēre,Lat.,plazo,pleito,OSp.,11,NA,/Ol/,NA,0,"CRC (319, 330); GCLI (231); DCECH (plazo); DRAE (plazo/pleito); DEEH (878); CORDE. It is possible that OSp. *pleito* was an OFr. borrowing (REW: 6561; cf. DCECH: plazo). OSp. *plazdo* > Sp. *plazo* is considered to be a technical or learned word by REW (6561). DCECH (plazo) rejected the status of OSp. *plazdo* as learned word and preferred to explain the absence of OL palatalization with the prevalence of a more conservative form of the word; as OSp. *plazdo* 'agreed (by the authorities) day or deadline' was a legal term, it may have been more frequently used by the upper-classes: ""Meyer-Lübke (REW, número 6561) supone que sean cultismos, a causa del tratamiento del grupo PL-, pero a lo sumo se podrán calificar de semicultismos, y más bien deben mirarse meramente como voces hereditarias en las que prevaleció, por su significado jurídico, la pronunciación más conservadora de las clases elevadas. Se trata de un viejo término jurídico propio, entre todos los romances, del cast. y el port."" (ibid.)."
placĭtus (dies),pl,OL,#_,F,placēre,Lat.,prazo,NA,GP,10,RHOT,/Oɾ/,NA,0,"FF (220, 400); DCECH (plazo); DEHLP (prazo); REW (6561); DELG (prazo); DEEH (878); DDGM (prazo); DEM (1750); see TMILG (CSM, GHCD, CDMO), CODOLGA and PMH (*Diplomata et Chartae* I: 183) for attestations of GP *plazo/prazo* as early as the 10th century. Pt. *prazo* is considered to be a technical or learned word by REW (6561), which DCECH (plazo) contested. DCECH (ibid.) preferred to explain the lack of OL palatalization in GP *prazo* as a predominance of a more conservative form of the word, which was a legal term and probaly most often used by the upper-classes (see *plazo* (OSp.) for further information)."
placĭtus,pl,OL,#_,F,placēre,Lat.,achazar,NA,Gal.,18,OLPAL,/ʧ/,u.e.,1,"DEEH (878) and REW (6561) gave Gal. *achazar* as a derivational form from Lat. [placĭtus]{.smallcaps}. Therefore, the etymological pathway remains uncertain: whether it comes from a Late Lat. etymon like \*[(a)plācĭtare]{.smallcaps} or whether it was derived from an inherited form \**chazo* \< Lat. [placĭtus]{.smallcaps}. No information on GP or Pt. *achazar* was found in DEHLP, DEM, DELG or DCECH (plazo). Similarly, there are also no examples of Gal. *achazar* in TLPGP, but several were found in DDD (achazar). Gal. *achazar* means 'reconcile, placate' (ibid.), but it is unclear if GP *achasam* (TMILG: DGS13-16) may have had that meaning."
placēre,pl,OL,#_,F,placēre,Lat.,prouguer,NA,GP,13,RHOT,/Oɾ/,u.e.,0,"Either influence of the perfect form of [placēre]{.smallcaps} or directly from [placui(t)]{.smallcaps} (cf. FF: 362 and DELG: pracer/aprouguer); cf. DEHLP (prazer) and DEM (1749-50); DDGM (prazer); DDD (prouguer); TMILG (LP, CSM, CDMO, TC). Michaëlis (1920, in DDD) considered it a semi-learned word, probably similar to GP *prazer* (see *prazer* (GP))."
plagĭa,pl,OL,#_,F,plagĭa,Late Lat.,playa,NA,OSp.,13,NA,/Ol/,NA,0,"GCLI (231); DRAE (playa); DEEH (878); CORDE. REW (6564) suggested that both Sp. *playa* and Pt. *praya* are borrowings from Prov. *playa*, which DCECH (playa) refuted. DCECH (ibid.) suggested that OSp. *playa* may have originated in the Southern Spanish and Portuguese varieties, so the lack of OL palatalization would be explained by the Mozarab. influence (cf. DEEH: 878)."
plagĭa,pl,OL,#_,F,plagĭa,Late Lat.,prayas,NA,GP,14,RHOT,/Oɾ/,NA,0,"GCLI (231); DEHLP (praia); DELG (praia); DDGM (praia, CVGP); DEM (1786); for the given inherited form, see DEHLP (praia). REW (6564) suggested that both Sp. *playa* and Pt. *praya* are Prov. borrowings, which DCECH (playa) refuted. DCECH (ibid.) suggested that Pt. *praia* may have originated in Southern Spanish and Portuguese varieties, so the absence of OL palatalization would be explained by the Mozarab. influence (cf. DEEH: 878)."
planca,pl,OL,#_,F,planca,Lat.,chanca,NA,Pt.,18,OLPAL,/ʧ/,NA,1,DEHLP (chanca); DELG (chanca); DEM (568); TLPGP (chanca); DLPC (782).
planca,pl,OL,#_,F,planca,Lat.,chanca,NA,Gal.,19,OLPAL,/ʧ/,NA,1,DELG (chanca); cf. DEHLP (chanca) and DEM (568); DDD (chanca); TLPGP (chanca); DXL (269).
*plancŭla (1),pl,OL,#_,F,planca,Late Lat.,lancha,*llancha,OSp.,13,?,/l/,NA,?,"CRC (259); REW (6571); DEEH (878); CORDE. According to DCECH (lancha I), the etymology \*[plancŭla]{.smallcaps} is possible if the dissimilation of the first palatal in \*[llancha]{.smallcaps} is assumed, resulting in OSp. *lancha* (also DEEH: 879)."
*plancŭla (1),pl,OL,#_,F,planca,Late Lat.,lancha,NA,Gal.,20,NA,/l/,BORR,0,"With the meaning 'stone slab'; DELG (lancha 1); DDD (lancha). While the possible dissimilation of word-initial /ʎ/ to /l/ due to the following palatal would have been possible in Spanish, the common result of word-initial /pl/ was /ʧ/ in Galician-Portuguese (cf. García-Covelo 2025: 27-9 and Table 2.19). This fact makes the hypothesized dissimilation of /ʧ/ into /l/ unlikely. Therefore, either Gal. *lancha* comes from Lat. \*[lancula]{.smallcaps} (cf. DELG) or it is a Spanish borrowing (cf. NDLP: lancha 1; DEHLP: lancha 2; DEM: 1296). GP *prancha* may be a French borrowing (DEHLP: prancha; DXL: 977; cf. DEEH: 879)."
*plancŭla (1),pl,OL,#_,F,planca,Late Lat.,lancha,NA,Pt.,19,NA,/l/,BORR,0,"With the meaning 'stone slab'. DELG (lancha 1); DDD (lancha). While the possible dissimilation of word-initial /ʎ/ to /l/ due to the following palatal would have been possible in Spanish, the common result of word-initial /pl/ was /ʧ/ in Galician-Portuguese (cf. García-Covelo 2025: 27-9 and Table 2.19). This fact makes the hypothesized dissimilation of /ʧ/ into /l/ unlikely. Therefore, either Pt. *lancha* comes from Lat. \*[lancula]{.smallcaps} (cf. DELG) or it is a Sp. borrowing (cf. NDLP: lancha 1; DEHLP: lancha 2; DEM: 1296). GP *prancha* may be a French borrowing (DEHLP: prancha; DXL: 977; cf. DEEH: 879)."
*plancŭla (2),kl,O(V)L,C_,F,planca,Late Lat.,lancha,NA,OSp.,13,OLPAL,/ʧ/,NA,1,"CRC (259); REW (6571); DEEH (878); CORDE. According to DCECH (lancha I), the etymology \*[plancŭla]{.smallcaps} is possible if the dissimilation of the first palatal in \*[llancha]{.smallcaps} is assumed, resulting in OSp. *lancha* (also DEEH: 879)."
*plancŭla (2),kl,O(V)L,C_,F,planca,Late Lat.,lancha,NA,Gal.,20,NA,/ʧ/,BORR,0,"With the meaning 'stone slab'; DELG (lancha 1); DDD (lancha). While the possible dissimilation of word-initial /ʎ/ to /l/ due to the following palatal would have been possible in Spanish, the common result of word-initial /pl/ was /ʧ/ in Galician-Portuguese (cf. García-Covelo 2025: 27-9 and Table 2.19). This fact makes the hypothesized dissimilation of /ʧ/ into /l/ unlikely. Therefore, either Gal. *lancha* comes from Lat. \*[lancula]{.smallcaps} (cf. DELG) or it is a Spanish borrowing (cf. NDLP: lancha 1; DEHLP: lancha 2; DEM: 1296). GP *prancha* may be a French borrowing (DEHLP: prancha; DXL: 977; cf. DEEH: 879)."
*plancŭla (2),kl,O(V)L,C_,F,planca,Late Lat.,lancha,NA,Pt.,19,NA,/ʧ/,BORR,0,"With the meaning 'stone slab'. DELG (lancha 1); DDD (lancha). While the possible dissimilation of word-initial /ʎ/ to /l/ due to the following palatal would have been possible in Spanish, the common result of word-initial /pl/ was /ʧ/ in Galician-Portuguese (cf. García-Covelo 2025: 27-9 and Table 2.19). This fact makes the hypothesized dissimilation of /ʧ/ into /l/ unlikely. Therefore, either Pt. *lancha* comes from Lat. \*[lancula]{.smallcaps} (cf. DELG) or it is a Sp. borrowing (cf. NDLP: lancha 1; DEHLP: lancha 2; DEM: 1296). GP *prancha* may be a French borrowing (DEHLP: prancha; DXL: 977; cf. DEEH: 879)."
plānctus,pl,OL,#_,F,plangĕre,Lat.,llanto,NA,OSp.,12,OLPAL,/ʎ/,NA,1,GCLI (231); DCECH (llanto); DEEH (879); REW (6570); Georges (planctus); CORDE.
plānctus,pl,OL,#_,F,plangĕre,Lat.,chanto,pranto,GP,13,OLPAL,/ʧ/,NA,1,"GCLI (231); cf. REW (6570); Georges (planctus); DEEH (879); DDGM (chanto); DEHLP (chanto); DEM (570-1); TMILG (CSM, TC)."
plangĕre,pl,OL,#_,F,plangĕre,Lat.,changer,NA,GP,13,OLPAL,/ʧ/,NA,1,"FF (326, 329); DCECH (llanto); REW (6572); DDGM (changer); DEEH (879); DEM (570-1); TMILG (LP, CSM)."
plangĕre,pl,OL,#_,F,plangĕre,Lat.,llañer,NA,OSp.,13,OLPAL,/ʎ/,NA,1,GCLI (231); DCECH (llanto); REW (6572); DEEH (879); CORDE (OSp. *llannido(s)* is also attested in the 13th century); the modern word is Sp. *plañir* (DRAE: plañir; DCECH).
planta,pl,OL,#_,F,planta,Lat.,llantas,NA,OSp.,13,OLPAL,/ʎ/,NA,1,GCLI (231); DCECH (planta); REW (6576); DRAE (llanta); DEEH (879); CORDE.
"plantāgō, -ĭnis",pl,OL,#_,F,planta,Lat.,llanten,NA,OSp.,13,OLPAL,/ʎ/,NA,1,"CRC (391, 396); DCECH (planta); REW (6577); DEEH (879); CORDE; cf. Leon. *lantel* (CRC: 391, 396; DCECH: planta; DGLA: llantén; DEEH: 879)."
"plantāgō, -ĭnis",pl,OL,#_,F,planta,Lat.,llantaina,NA,Ast.,NA,OLPAL,/ʎ/,NA,1,"CRC (391, 396); DCECH (planta); DGLA (llantaina). According to REW (6578), Ast. *allancar* comes from Lat. [plantāre]{.smallcaps}, while DCECH (planta) suggested that it comes from Lat. \*[planticare]{.smallcaps} (also DEEH: 879)."
"plantāgō, -ĭnis",pl,OL,#_,F,planta,Lat.,chantagem,NA,Pt.,16,OLPAL,/ʧ/,NA,1,"GCLI (230); DCECH (planta); cf. REW (6577); DEHLP (chantagem 2/tanchagem); DEM (570); cf. DELG (chantaxe/chantar) and DDD (chantaxe). It is unclear whether GP *chantão* came from Lat. [\*planto, -ōne]{.smallcaps} (REW: 6579; DELG: chanto) or whether it derived from GP *chantar* (DEHLP: chantão; DCECH: planta)."
"plantāgō, -ĭnis",pl,OL,#_,F,planta,Lat.,chantage,chantaxe,Gal.,18,OLPAL,/ʧ/,NA,1,DEEH (879); DCECH (planta); DELG (chantaxe); DDD (chantaxe/chantage); TLPGP (chantaxe); cf. DEHLP (chantagem 2/tanchagem) and DEM (570).
plantāre,pl,OL,#_,F,planta,Lat.,llantar,NA,OSp.,13,OLPAL,/ʎ/,NA,1,DCECH (planta); cf. REW (6578); DEEH (879); CORDE; Torreblanca (1990: 318-20) provided the examples Lat. [Plantata]{.smallcaps} > OSp. *Hllantada* (13th century) and *Hlantada*.
plantāre,pl,OL,#_,F,planta,Lat.,chantou,prantar,GP,13,OLPAL,/ʧ/,NA,1,"FF (329); cf. DCECH (planta) and REW (6578); DDGM (chantar); DELG (chantar) mentioned one example from the 12th century; DEM (570); TMILG (CSM, CDMO); cf. DEHLP (chantar). FF (329) provided the example Lat. [(Vīlla) Plantata]{.smallcaps} > *Chantada* (13th century), which might have earlier attestations in CODOLGA."
*plattĕa,pl,OL,#_,F,platĕa,Late Lat.,praça,NA,GP,13,RHOT,/Oɾ/,u.e.,0,"Two possible etymologies that actually refer to two forms of the same word: Late Lat. \*[plattĕa]{.smallcaps} (GCLI 231; DCECH: plaza; DEHLP: praça; DDGM: praça, see TC, de Miguel 1977 and Tato Plaza 1999) and Lat. [platĕa]{.smallcaps} (DELG: praza; REW: 6583; FF: 319; DEEH: 880); TMILG (CSM, TC). DEM (1785) suggested that OL palatalization did not take place in this word because it was borrowed from Fr. *place* (also DEEH: 880). DCECH (plaza) suggested that the lack of OL palatalization could be due to the administrative and official implications of the word, which would have made it more common among the upper-class, or due to the status of this word as semi-learned. REW (6583) considered Pt. *praça* to be a learned or technical word (""Buchwort"")."
*plattĕa,pl,OL,#_,F,platĕa,Late Lat.,plaza,NA,OSp.,12,NA,/Ol/,u.e.,0,"Two possible etymologies that actually refer to two forms of the same word: Late Lat. \*[plattĕa]{.smallcaps} (GCLI 231; DCECH: plaza; DRAE: plaza) and Lat. [platĕa]{.smallcaps} (REW: 6583; cf. DEHLP: praça, DEEH: 880, DELG: praza); CORDE. DEM (1785) suggested that OL palatalization did not take place in this word because it was borrowed from Fr. *place* (also DEEH: 880). DCECH (plaza) suggested that the lack of OL palatalization could be due to the administrative use of this word, which would have made it more common among the upper-class, or due to the status of this word as semi-learned: ""En cast. y port. (*praça*) el vocablo no presenta el tratamiento radicalmente popular del grupo PL-, mas ello puede explicarse simplemente por la aparición preferente del vocablo en el uso oficial y administrativo, con el consiguiente predominio de la pronunciación de las clases elevadas en la fonética de *plaza*; también podría ser palabra propiamente semiculta, pues [PLATEA]{.smallcaps} es voz frecuente en latín clásico y medieval \[...\]"" (ibid.). REW (6583) considered Sp. *plaza* to be a learned or technical word (""Buchwort"")."
*plattus,pl,OL,#_,F,platus,Late Lat.,chato,prato,Gal.,18,OLPAL,/ʧ/,NA,1,GCLI (231); DELG (chato-a/tacho/prato); cf. DEHLP (chato); DDD (chato); TLPGP (chato); DXL (272).
*plattus,pl,OL,#_,F,platus,Late Lat.,chato,prato,Pt.,17,OLPAL,/ʧ/,NA,1,GCLI (231); DCECH (chato); DEM (575); DEHLP (chato); REW (6586).
*plattus,pl,OL,#_,F,platus,Late Lat.,chato,plato,Sp.,17,OLPAL,/ʧ/,NA,1,"GCLI (231); REW (6586); TDHLE (chato). According to DCECH (chato), it is also possible that Sp. *chato* is a borrowing from Pt. *chato* (also DEEH: 880; cf. DRAE: chato), since /ʧ/ was the usual outcome in GP for word-initial /pl/ (cf. García-Covelo 2025: 25-33). However, it is possible that the word-initial cluster was understood as postconsonantal due to sandhi effects at the word boundary, as words preceding *chato* often end with consonants, e.g., 'los chatos', 'es chato'. Also from [\*plattus]{.smallcaps} is Sp. *plato* 'plate'. According to DCECH (ibid.), Sp. *plato* did not undergo OL palatalization and had a learned pronunciation because common folk did not use that kind of dinnerware (a similar explanation is given for Sp. *plata*). REW (6586) suggested that Sp. *plata* was borrowed from Prov. *plata*."
applaudĕre,ppl,OL,V_,F,plaudĕre,Lat.,aplaudir,NA,OSp.,15,NA,/Ol/,BORR,0,"DCECH (aplaudir); DRAE (aplaudir); TDHLE (aplaudir). Apart from the lack of OL palatalization, Lat. /aw/ should have become OSp. /o/ (cf. GCLI: 85-6), so OSp. *aplaudir* was most likely a Latin borrowing."
applaudĕre,ppl,OL,V_,F,plaudĕre,Lat.,aplaudir,NA,Pt.,17,NA,/Ol/,BORR,0,"DELG (aplaudir); DEM (aplaudir); DEHLP (aplaudir). DCECH (aplaudir); DRAE (aplaudir); TDHLE (aplaudir). Apart from the lack of OL palatalization, Lat. /aw/ should have become GP /ow/ (cf. GCLI: 85-6; FF: 285-9), so GP *aplaudir* was most likely a Latin borrowing."
plēnus,pl,OL,#_,F,plēnus,Lat.,chẽo,NA,GP,13,OLPAL,/ʧ/,NA,1,"FF (329); REW (8596); DELG (cheo); DEHLP (cheio); DDGM (cheo, especially TC); TMILG (CSM, LP, TC)."
plēnus,pl,OL,#_,F,plēnus,Lat.,llena,NA,OSp.,12,OLPAL,/ʎ/,NA,1,"GCLI (77, 230); DCECH (lleno); DEEH (880); DRAE (lleno); REW (8596); CORDE; GCLI (233) mentioned Ast. *enllenu* \< Lat. [implēnu]{.smallcaps}; see also Mir. *anchena* (\< [implēnāre]{.smallcaps}) (ibid.)."
complēre,pl,OL,C_,F,plēre,Lat.,comprir,cumprir,GP,13,RHOT,/Oɾ/,NA,0,"GCLI (234); DDGM (comprir); DCECH (cumplir); DELG (comprir/cumplir); DEHLP (cumprir); DEM (645); TMILG (LP, CSM); REW (2101) considered Pt. *cumprir* to be a technical or learned word (""Buchwort"") (cf. *cumplir* (OSp.))."
complēre,pl,OL,C_,F,plēre,Lat.,cumplir,NA,OSp.,12,NA,/Ol/,NA,0,"GCLI (234); DCECH (cumplir); DRAE (cumplir); DEEH (593); CORDE. REW (2101) considered Sp. *cumplir* to be a technical or learned word (""Buchwort"") but DCECH (cumplir) preferred to describe it as semi-learned: ""*Cumplir* no es cultismo, aunque la comparación con *henchir* [implere]{.smallcaps} nos enseña que tampoco sufrió la evolución fonética más popular; pertenece al mismo nivel lingüístico que *plegar*, *plañir*, *claro*, *flor* y análogos, voces que no pueden considerarse cultas, sino resultantes de una tendencia ortoépica más conservadora, que predominaba en las clases altas de la sociedad."" (ibid.)"
complēre,pl,OL,C_,F,plēre,Lat.,cumpllir,NA,Rib. Arag.,NA,OLPAL,/Oʎ/,NA,1,GCLI (234); Aragonario; Viudas Camarasa (1979).
ĭmplēre,pl,OL,C_,F,plēre,Lat.,inchámoslas,fenchir,OSp.,12,OLPAL,/ʧ/,NA,1,"CRC (270); GCLI (233); DEEH (737); DCECH (henchir); cf. REW (3410). The modern word, which is nowadays seldom used, is Sp. *henchir* (cf. DRAE: henchir). DCECH (henchir) suggested that the first attestation of *henchir* was OSp. *ynchamos*, which should appear in *Cantar del Mio Cid*. I could not locate that form in CORDE but OSp. *inchámoslas* does appear."
ĭmplēre,pl,OL,C_,F,plēre,Lat.,encher,NA,GP,13,OLPAL,/ʧ/,NA,1,"FF (330); GCLI (233); DCECH (henchir); DELG (encher); DDGM (encher); TMILG (CSM, TC, XH); DEHLP (encher); REW (3410); DEM (581)."
plĕcta,pl,OL,#_,F,plĕcta,Lat.,empleita,NA,OSp.,15,NA,/Ol/,BORR?,0,"cf. DEEH (880). DCECH (pleita) argued that Sp. *pleita* must have come through Mozarab. *pléȟta* due to the lack of OL palatalization. In addition, the unusual evolution of /ekt/ should have been /eʧ/ in OSp (DRAE: pleita). DCECH claimed that OSp. *empleita* is attested in Nebrija (15th century) but the found attestation in CORDE dates from the 16th century. Notably, none of the inherited words given by REW (6591a) shows traces of OL palatalization."
plĕcta,pl,OL,#_,"F, only Pt.??",plĕcta,Lat.,empreita,NA,GP,15,RHOT,/Oɾ/,u.e.,0,"REW (6591a, cf. 4313); cf. DCECH (pleita); no information was found in DELG, DDGM or TMILG; DLPC (1381); NDLP (Pt. empreita \< Lat. [implicita]{.smallcaps}). DEHLP (empreita) mentioned the possibility of Pt. *empreita* being an inherited word from Lat. \*[\*implicta]{.smallcaps} (DEM: 839) or being a borrowing from Sp. (ibid.) depending on the source. It may be possible that the lack of OL palatalization was caused by Mozarab. influences, as in the case of Sp. *empleita* (see *empleita* (OSp.)). DLPC (1381) seemed to suggest that Pt. *empreita* was more widely used in Southern Portugal, as two of the four given meanings are specific of the Algarve region."
applĭcāre,ppl,OL,V_,F,plĭcāre,Lat.,allegando,NA,OSp.,12,OLPAL,/ʎ/,NA,1,"Georges and OLD (plico, applico); DCECH (llegar); DRAE (allegar); REW (548); DEEH (470); CORDE."
applĭcāre,ppl,OL,V_,F,plĭcāre,Lat.,achegar,NA,GP,13,OLPAL,/ʧ/,NA,1,"Georges and OLD (plico, applico); DEHLP (achegar); DEM (579-60); cf. DELG (chegar); REW (548); DEEH (470); DDGM (achegar, see especially TC and Tato Plaza 1999); TMILG (LP, CSM, TC)."
complicāre,pl,OL,C_,F,plĭcāre,Lat.,conchegar,NA,Pt.,16,OLPAL,/ʧ/,NA,1,DEEH (593); DEHLP (conchegar); REW (2102a); DEM (650); TLPGP (aconchegar).
complicāre,pl,OL,C_,F,plĭcāre,Lat.,aconchegar,NA,Gal.,18,OLPAL,/ʧ/,NA,1,DEEH (593); DELG (chegar); DDD (conchegar/aconchegar); DXL (22); cf. DEHLP (conchegar) and DEM (650); TLPGP (aconchegar).
ĭmplĭcāre,pl,OL,C_,F,plĭcāre,Lat.,enpregar,NA,GP,13,RHOT,/Oɾ/,NA,0,"GCLI (234); DELG (emprega-o); DDGM (enpregar/empregar, especially TC); DCECH (emplear); DEHLP (empregar); TMILG (CSM but also LP, TC)."
ĭmplĭcāre,pl,OL,C_,F,plĭcāre,Lat.,emplegar,empliegar,Ast.,NA,NA,/Ol/,NA,0,"DCECH (emplear); DEEH (737); DGLA (emplear). According to DCECH (emplear), DRAE (emplear) and Roberts (2014: 594), Sp. *emplear* is a borrowing of Fr. *empleiier*, which comes from Lat. [ĭmplĭcāre]{.smallcaps} (see also DEEH: 737)."
plĭcāre,pl,OL,#_,F,plĭcāre,Late Lat.,chegou,NA,GP,13,OLPAL,/ʧ/,NA,1,"FF (329); Georges and OLD (plico, applico); DELG (chegar); DCECH (llegar); DDGM (chegar, see especially TC and Tato Plaza 1999); REW (6601); DEM (579); DEHLP (chegar); TMILG (LP, CSM, TC)."
plĭcāre,pl,OL,#_,F,plĭcāre,Late Lat.,llegarán,NA,OSp.,12,OLPAL,/ʎ/,NA,1,"Georges and OLD (plico, applico); GCLI (230); DEEH (880); DRAE (llegar); DCECH (llegar) mentioned that *aplekare* is already attested in the 10th century; no information on (O)Sp. *llegar* was found in REW (6601); CORDE; see DCECH (plegar) for (semi-)learned words from this etymon. OSp. *hlegaron, hlegó*, and *llegaron* (13th century) illustrate how the process of OL palatalization and obstruent loss might have been in Old Spanish (Torreblanca 1990: 320)."
plōrāre,pl,OL,#_,F,plōrāre,Lat.,chorar,NA,GP,13,OLPAL,/ʧ/,NA,1,"FF (329); REW (6606); DELG (chorar 2); DEHLP (chorar); DEEH (881); DDGM (chorar); DEM (591); TMILG (CSM, LP, TC)."
plōrāre,pl,OL,#_,F,plōrāre,Lat.,llorar,NA,OSp.,12,OLPAL,/ʎ/,NA,1,GCLI (230); DCECH (llorar); DRAE (llorar); REW (6606); DEEH (881); CORDE.
plōrāre,pl,OL,#_,F,plōrāre,Lat.,pllorar,NA,Arag.,NA,OLPAL,/Oʎ/,NA,1,GCLI (231); Aragonario; Viudas Camarasa (1979).
plŏvĕre,pl,OL,#_,F,plŏvĕre,Late Lat.,llouiesse,NA,OSp.,12,OLPAL,/ʎ/,NA,1,CRC (143); REW (6610); DCECH (llover); DRAE (llover); DEEH (881); CORDE.
plŏvĕre,pl,OL,#_,F,plŏvĕre,Late Lat.,chover,NA,GP,13,OLPAL,/ʧ/,NA,1,"GCLI (230); cf. REW (6610); DCECH (llover); DDGM (chover, especially TC); DELG (chover); TMILG (LP, CSM, XH); DEHLP (chover); DEEH (881); DEM (594)."
plūma,pl,OL,#_,F,plūma,Lat.,prumas,NA,GP,14,RHOT,/Oɾ/,NA,0,"GCLI (232); cf. REW (6610a); DELG (pluma); cf. DEHLP (pluma); DDGM (pruma); DEEH (881); TMILG (CT); GP *prumaz* is attested twice in CSM (13th century) with the meaning 'piece of clothing'. DCECH (pluma) did not consider Pt. *pruma* 'feather' to be a (semi-)learned word; the absence of OL palatalization would come from the prevalence of a more conservative form of the word since only the upper-classes would be able to afford such items. DEM (595) described Pt. *pluma* as being a learned word or having undergone a learned evolution (""por via culta"")."
plūma,pl,OL,#_,F,plūma,Lat.,pluma,NA,OSp.,11,NA,/Ol/,NA,0,"GCLI (232); no information on Spanish was found in REW (6610a); DEEH (881); CORDE. DCECH (pluma) did not consider OSp. *pluma* 'feather' to be a (semi-)learned word; the absence of OL palatalization would come from the prevalence of a more conservative form of the word since only the upper-classes would be able to afford such items: ""En cast. y port., el vocablo no presenta el tratamiento popular del grupo PL-, que quizá existió en la forma preliteraria del vocablo, a juzgar por los derivados port. *chumaço* y *chumaceira* y el cast. ant. *llumazo* \[...\]. No creo, sin embargo, que en cast. podamos mirar el vocablo como voz culta ni aun propiamente semiculta; más bien es de creer que prevaleció en él la pronunciación más conservadora de las clases elevadas: en una economía primitiva, la pluma es artículo de lujo sólo empleado por las clases pudientes."" (ibid.)."
plūmācium,pl,OL,#_,F,plūma,Lat.,llumazos,NA,OSp.,13,OLPAL,/ʎ/,NA,1,DCECH (pluma); cf. REW (6611); DEEH (881); CORDE (OSp. *plumazo* is already attested in the 9th century).
plūmācium,pl,OL,#_,F,plūma,Lat.,chomacio,NA,GP,9,OLPAL,/ʧ/,NA,1,"FF (330); Georges (plūmācium); both *chomacio* and *chomazo* are attested in 9th century documents (cf. CODOLGA); GP *chumaço(s), chomazo* and *chumazo* are also found in the 13th and 14th centuries (TMILG: VFD, GHCD, HGPg); DDGM (chumaço, CVGP); DELG (chumaceiras); REW (6611); DCECH (chumacera); DEHLP (chumaço), DEM (595). Sp. *chumacera* seems to be a borrowing from Pt. *chumaceira*, which was derived from *chumaço* (DCECH: chumacera; DEHLP: chumaceira, DEEH: 881)."
"plūs, -ris",pl,OL,#_,F,"plūs, -ris",Lat.,chus,NA,GP,13,OLPAL,/ʧ/,NA,1,"FF (329); DELG (chus); cf. DCECH (chozno) and REW (6618); DDGM (chus); DEEH (881); DEM (596); TMILG (LP, CSM). DCECH (plural/chozno) seemed to imply that OSp. *chus* 'more' existed. However, the usual outcome for word-initial clusters is /ʎ/ in Old Spanish (cf. García-Covelo 2025: 25-33), which makes it probable that OSp. *chus* was borrowed from GP *chus* (cf. DEM: 596)."
plŭmbum,pl,OL,#_,F,plŭmbum,Lat.,chumbo,NA,GP,13,OLPAL,/ʧ/,NA,1,"FF (329); DCECH (plomo); REW (6615); cf. DEHLP (chumbo); DEM (595); DDGM (chumbo, TC); TMILG (HCIM, CDMO). DELG (chumbar) seemed to imply that Gal. *chumbar* comes from Lat. [plumbare]{.smallcaps} (also DEEH: 881), while DEHLP (chumbar) and REW (6615) preferred to derive it from Gal. *chumbo*."
plŭmbum,pl,OL,#_,F,plŭmbum,Lat.,chombu,"plomu, llombu",Ast.,NA,OLPAL,/ʧ/,NA,1,GCLI (232); DGLA (chombu/plomu); DALLA (chombu/plomu).
plŭmbum,pl,OL,#_,F,plŭmbum,Lat.,plomo,NA,OSp.,11,NA,/Ol/,BORR?,0,GCLI (232); DRAE (plomo); DEEH (881); CORDE. DCECH (plomo) gave two reasons for the lack of OL palatalization in Sp. *plomo*: Sp. *plomo* is an Arag. or Cat. borrowing (also REW: 6615) or that the learned pronunciation predominated in this word.
plŭtĕus,pl,OL,#_,F,plŭtĕus,Lat.,choça,NA,GP,13,OLPAL,/ʧ/,NA,1,GCLI (232); TMILG (CSM); DDGM (CSM); DELG (choza); DEEH (881); DEHLP (choça); REW (6619); DEM (588).
plŭtĕus,pl,OL,#_,F,plŭtĕus,Lat.,choça,NA,OSp.,13,OLPAL,/ʧ/,NA,1,"GCLI (232); REW (6619); DEEH (881). Sp. *choza* could be a Pt. borrowing (DRAE: choza), but DCECH (choza) argued that this word is unlikely to be a borrowing because it was already attested in the 13th century (cf. CORDE). According to DCECH, Sp. *choza* would have been built from Sp. *chozo*, which comes from Lat. [plŭtĕus]{.smallcaps}."
plŭvĭa,pl,OL,#_,F,plŭvĭa,Lat.,lluvias,NA,OSp.,13,OLPAL,/ʎ/,NA,1,CRC (477); GCLI (230); DCECH (llover); REW (6620); DEEH (881); CORDE.
plŭvĭa,pl,OL,#_,F,plŭvĭa,Lat.,chuvia,NA,GP,13,OLPAL,/ʧ/,NA,1,"FF (329); DCECH (llover); DEEH (881); REW (6620); DELG (chuvia); DDGM (chovia/chuvia, see especially TC); TMILG (CSM, XH, HT, other forms are attested in CT or TC); DEHLP (chuva); DEM (594)."
pōcŭlum,kl,O(V)L,V_,F,pōcŭlum,Lat.,bucaros,NA,OSp.,15,NA,/O(V)ɾ/,BORR,0,"CRC (438). It is probable that Sp. *búcaro* comes from Lat. [pōcŭlum]{.smallcaps} through Mozarabic or that it is a Portuguese borrowing (DCECH: búcaro; DRAE: búcaro); cf. DEEH (881), where most inherited words are either Galician, Portuguese, or Asturian; CORDE."
pōcŭlum,kl,O(V)L,V_,F,pōcŭlum,Lat.,pucaro,NA,GP,14,NA,/O(V)ɾ/,BORR?,0,"DCECH (búcaro); DDGM (púcaro); DEEH (881); DELG (púcaro); TLPGP (púcaro); DEEH (881). Being attested in the 14th century, a form with lenition would be expected, i.e. *\*púgaro*. It is possible that the lack of lenition comes from the Mozarab. origin of the word (cf. DCECH: búcaro and DEM: 1818)."
*plōppus,pl,OL,#_,F,pōpŭlus,Lat.,chopo,NA,Gal.,18,OLPAL,/ʧ/,NA,1,"With the meaning 'poplar-tree' (LS: populus; DXL: 277); GCLI (232, 279); DELG (chopo 3/choupo negro/pobo 2); DXL (277); REW (6655); DCECH (chopo); cf. DEHLP (choupo) and DEM (593); DDD (chopo)."
*plōppus,pl,OL,#_,F,pōpŭlus,Lat.,chopo,NA,OSp.,14,OLPAL,/ʧ/,NA,1,"With the meaning 'poplar-tree' (LS: populus; DRAE: chopo); GCLI (232, 279); REW (6655); DEEH (883); DCECH (chopo). The unexpected /ʧ/ outcome for word-initial /pl/ could be explained by sandhi effects with the previous word ending in a consonant (ibid.) (cf. *chato* (Sp.) and *chapas* (OSp.))."
*plōppus,pl,OL,#_,F,pōpŭlus,Lat.,choupo,NA,Pt.,18,OLPAL,/ʧ/,NA,1,"With the meaning 'poplar-tree' (LS: populus, DEHLP: choupo); GCLI (232, 279); REW (6655); DEHLP (choupo); DCECH (chopo); DEM (593); DEEH (883)."
pŏpŭlāre,pl,O(V)L,V_,F,pŏpŭlus,Late Lat.,pobrou,"povoar, povorar",GP,13,"-SINC, RHOT",/O(ɾ)/,NA,0,"Georges (populo); FF (222, 379); DDGM (pobrar); REW (6654); DELG (pobo 1); cf. DCECH (pueblo); TMILG (CSM, TC, CT; GP *povoedes/povoar* attested in 14th-century CDMO and MPR). According to DEHLP (povoar) and DEM (1784), GP *povoar* was derived from GP *povoo* (also NDLP: povoar). DEM (1784) claimed that GP *povorar* would come from Lat. [pŏpŭlāre]{.smallcaps}."
pŏpŭlāre,pl,O(V)L,V_,F,pŏpŭlus,Late Lat.,poblar,NA,OSp.,12,NA,/Ol/,NA,0,Georges (populo); CRC (432); DCECH (pueblo); DRAE (poblar); REW (6654); Roberts (2014: 373); CORDE; Leon. *polar* (DCECH: pueblo; cf. DEEH: 883).
pŏpŭlus,pl,O(V)L,V_,F,pŏpŭlus,Lat.,pueblo,NA,OSp.,12,NA,/Ol/,NA,0,"CRC (432); DCECH (pueblo); DEEH (883); DRAE (pueblo); CORDE. Notably, none of the inherited words provided by REW (6654) shows traces of OL palatalization."
pŏpŭlus,pl,O(V)L,V_,F,pŏpŭlus,Lat.,poboo,povoo,GP,13,-SINC,/O/,NA,0,"FF (222, 363, 379); DELG (pobo 1); DEHLP (povo); DEM (1784); DDGM (povoo); TMILG (CSM, TC); GP *povoo* is attested in the 14th century (see DDGM: povoo/pouoo). Notably, none of the inherited words provided by REW (6654) exhibits palatalization."
pŏrtŭlāca,tl,O(V)L,C_,F,portula,Lat.,verdoega,beldroega,Pt.,16,"-SINC, META",/O(ɾ)/,NA,0,REW (6679); DEEH (884); DLPC (507); Pt. *beldroega* through Mozarab. \**berdolaca* from Lat. [pŏrtŭlāca]{.smallcaps} (DCECH: verdolaga; DEHLP: beldroega; cf. DEM: 347). The given inherited form and the attestation date may not coincide because the original source could not be consulted (cf. DEHLP: beldroega).
pŏrtŭlāca,tl,O(V)L,C_,F,portula,Lat.,verdoaga,NA,Gal.,19,-SINC,/O/,NA,0,DEEH (884); DDD (verdoaga/beldroega); DCECH (beldroega); DXL (1242); Gal. *verdoaga* through Mozarab. \**berdolaca* from Lat. [pŏrtŭlāca]{.smallcaps} (DCECH: verdolaga; DEHLP: beldroega; cf. DEM: 347).
pŏrtŭlāca,tl,O(V)L,C_,F,portula,Lat.,verdolaga,NA,OSp.,13,-SINC,/O(V)l/,NA,0,Sp. *verdolaga* through Mozarab. \**berdolaca* from Lat. [pŏrtŭlāca]{.smallcaps} (DCECH: verdolaga; cf. DEHLP: beldroega); DRAE (verdolaga); DEEH (884); CORDE; Mozarab. *bardilâqa* is already attested in the year 1100 (DCECH).
pūblĭcus,bl,OL,V_,F,pūblĭcus,Lat.,puluega,pobligo,GP,13,META,"/lO/, /Ol/",NA,0,"FF (394); DDGM (pubrico/publico, especially CVGP); TMILG (PRMF, CDMO); DCECH (público); for information on the context and source of GP *púlvego*, see DEM (1818)."
pūblĭcus,bl,OL,V_,F,pūblĭcus,Lat.,publigo,púlvego,OSp.,11,NA,"/lO/, /Ol/",NA,0,"DRAE (público); CORDE. OSp. *púlvego/a* also existed, which would come from \*[pulbicus]{.smallcaps} (CRC: 304; DCECH: público)"
pustŭla,tl,O(V)L,C_,"F, check outcomes AL (light highlight)",pustŭla,Lat.,apusllar,NA,Ast.,NA,NA,/ʎ/,u.o.,NA,DCECH (postilla); REW (6867); DGLA (apusllar); DEEH (894).
cĕrcēdŭla,dl,O(V)L,V_,F,quĕrcēdŭla,Late Lat.,cerceta,NA,OSp.,15,?,/O/,NA,0,"With the meaning 'type of duck' (cf. LS: querquedula; Georges: querquedula; DRAE: cerceta); CRC (33-34, 438); DRAE (cerceta 1); REW (6952); cf. DELG (cerceta); cf. CORDE. Also Pt. *cerceta*, but DEHLP (cerceta) proposed a different etymology: Pt. *cerceta* \< [\*cerquēta]{.smallcaps} \< [querquētum]{.smallcaps}. The Spanish ending /ta/ could be due to a suffix change, from [\*cercella]{.smallcaps} to [\*cercitta]{.smallcaps} (cf. DCECH: cerceta)."
radŭla,dl,O(V)L,V_,F,radere,Lat.,rallar,NA,OSp.,15,NA,/ʎ/,u.o.,NA,"DCECH (rajar/rallo); DEEH (905); cf. GCLI (282); DRAE (rajar/rallo). CRC (33-4, 438) and REW (7001) suggested that Sp. *raja(r)* comes from Lat. [radŭla]{.smallcaps}, which DCECH (rajar) disputed. It is possible that Sp. *ralla, rallar* or *rallador* come from Lat. [radŭla/radulāre]{.smallcaps} (DEEH: 905; GCLI: 282). However, /ʎ/ is not the outcome to be expected in Spanish for secondary postvocalic /O(V)l/ clusters (cf. García-Covelo 2025: 27-9). Consequently, it may be more accurate to consider Sp. *ralla, rallar* and *rallador* as a derivational form of Sp. *rallo*, which comes from Lat. [rallum]{.smallcaps} (DCECH: rallo; DRAE: rallo/ralla/rallar; REW: 7022)."
rallum,NA,NA,NA,F,radere,Lat.,rallo,NA,OSp.,15,NA,/ʎ/,-OL,0,"LS (rallum/rado); DCECH (rallo); DEEH (906); DRAE (rallo). GCLI (282) gave as etymon Lat. [radŭlu]{.smallcaps}, which does not appear in LS or Georges. Instead, there is Lat. [rallum]{.smallcaps}, which would be the result of the assimilation of /d/ to the lateral: Lat. [radere]{.smallcaps} → \*[radlom]{.smallcaps} > Lat. [rallum]{.smallcaps} (DCECH: rallo). Consequently, the cluster dissolved and the Sp. outcome /ʎ/ comes Lat. /l:/."
rallum,NA,NA,NA,F,radere,Lat.,ralo,NA,Pt.,16,NA,/l/,-OL,0,"LS and Georges (rallum/rado); DCECH (rallo); DEHLP (ralo 2); DEEH (906); cf. DEM (1849). GCLI (282) gave as etymology Lat. [radŭlu]{.smallcaps}, which does not appear in LS or Georges. Instead, there is [Lat. rallum]{.smallcaps}, which would be the result of the assimilation of /d/ to the lateral: Lat. [radere]{.smallcaps} → \*[radlom]{.smallcaps} > Lat. [rallum]{.smallcaps} (DCECH: rallo). Consequently, the cluster dissolved and the GP outcome /l/ resulted from Lat. /l:/ (cf. FF: 358)."
*ragŭlāre,gl,O(V)L,V_,F,ragere,Late Lat.,rajado,NA,OSp.,14,OLPAL,/ʒ/,NA,1,DEEH (905); DCECH (rajar); REW (7009); cf. CORDE.
*ragŭlāre,gl,O(V)L,V_,F,ragere,Late Lat.,ralhar,NA,Pt.,18,OLPAL,/ʎ/,NA,1,"DEEH (905); DEHLP (ralhar); DEM (1848-9); DCECH (rajar). REW (7001, 7009) seemed to give two different etymologies (Lat. [radŭla]{.smallcaps} and Late Lat. \*[ragŭlāre]{.smallcaps}) for Pt. *ralhar* 'to reprimand or reprehend'."
*ragŭlāre,gl,O(V)L,V_,F,ragere,Late Lat.,rallante,NA,Gal.,19,OLPAL,/ʎ/,NA,1,"With the meaning 'to bother, nag'; DCECH (rajar); DEEH (905); DDD (rallar/rallante); TLPGP (rallante)."
rēgŭla,gl,O(V)L,V_,F,regō,Lat.,relia,reja,OSp.,10,OLPAL,/ʒ/,NA,1,"CRC (102, 440, 446); GCLI (279); DCECH (reja I); REW (7177); DEEH (919); cf. CORDE."
rēgŭla,gl,O(V)L,V_,F,regō,Lat.,relia,NA,GP,10,OLPAL,/ʎ/,NA,1,"FF (135, 219, 354); GCLI (279); DCECH (reja I); REW (7177); cf. DEHLP (regra); DELG (rella 1); CODOLGA (relias); TMILG (GP *rellas* attested in 13th-century FCR). It may be possible that GP *rellar* comes from Lat. [rēgŭlāre]{.smallcaps} (DDGM: rella, TC; DELG: rella 2; but cf. REW: 7178-9 and DCECH: reja 1). Mir. *reilha* (GCLI: 279)."
*repŭlum,pl,O(V)L,V_,F,replēre,Late Lat.,rêbo,NA,Pt.,17,-SINC,/O/,NA,0,"Lat. [rĕplum]{.smallcaps} > \*[repŭlum]{.smallcaps} (DCECH: ripio; DEHLP: rebo); DELG (rebo); cf. DDGM (rebo); DEM (1861); TLPGP (rebo); DEEH (924) preferred [\*repleāre]{.smallcaps} or [replēre]{.smallcaps} as the etymology. There is one instance of GP *rebo* attested in TMILG (THCS, 14th century) but it does not seem to have the meaning 'shard, pebble'."
*repŭlum,pl,O(V)L,V_,F,replēre,Late Lat.,rêbo,NA,Gal.,18,-SINC,/O/,NA,0,DXL (1032); DCECH (ripio); cf. DEHLP (rebo) and DEM (1861); TLPGP (rebo); DDD (rebo); DEEH (924) preferred Lat. \*[repleāre]{.smallcaps} or [replēre]{.smallcaps} as etymology.
*repŭlum,pl,O(V)L,V_,F,replēre,Late Lat.,ripio,NA,Sp.,16,NA,/O/,u.o.,NA,"DRAE (ripio). According to DCECH, Sp. *ripio* comes from Lat. [rĕplum]{.smallcaps} or \*[repŭlum]{.smallcaps} through Mozarab. *rípel*. In contrast, REW (7222b) suggested the etymology *\*rēpja* (cf. DCECH: ripio/ripia), and DEEH (924) preferred Lat. \*[repleāre]{.smallcaps}."
*corrŏtŭlāre,tl,O(V)L,V_,F,rŏta,Late Lat.,encarrujado,carrujado,Sp.,16,NA,/ʒ/,u.o.,NA,"CRC (437, 449); DCECH (encarrujarse); DRAE (encarrujarse); Roberts (2014: 325)."
rŏtŭlare,tl,O(V)L,V_,F,rŏta,Late Lat.,arrojar,NA,OSp.,13,OLPAL,/ʒ/,u.e.,1,"With the meaning 'to throw, to make roll (downhill)'; CRC (437, 449); DCECH (arrojar/rueda); DRAE (arrojar); REW (7396). DEEH (478) preferred Late Lat. [arrotŭlāre]{.smallcaps} as the etymon, which DCECH (arrojar) also considered possible."
rŏtŭlare,tl,O(V)L,V_,F,rŏta,Late Lat.,arrollar,NA,Ast.,NA,OLPAL,/ʎ/,u.e.,1,"With the meaning 'to throw, to make roll downhill'. CRC (437, 449); DCECH (arrojar/rueda); DEEH (478); DGLA (arrollar)."
rŏtŭlus,tl,O(V)L,V_,F,rŏta,Lat.,rollo,NA,OSp.,15,NA,/ʎ/,u.o.,NA,DCECH (rueda); DEEH (938); DRAE (rollo). It is unclear whether Sp. *rollo* is a Fr. or Pt. borrowing (REW: 7397; DCECH: rueda).
rŏtŭlus,tl,O(V)L,V_,F,rŏta,Lat.,rueldo,NA,Leon.,NA,OLPAL,/lO/,NA,1,"CRC (437, 445); DEEH (938); DCECH (rueda); DGLA (rueldu)."
rŏtŭlus,tl,O(V)L,V_,F,rŏta,Lat.,ruejo,NA,Nav.,17,OLPAL,/ʒ/,NA,1,"CRC (437, 445); DRAE (ruejo); DEEH (938); DCECH (rueda); REW (7397)."
rŏtŭla,tl,O(V)L,V_,F,rŏta,Lat.,rrolha,rolo,GP,15-16,OLPAL,/ʎ/,NA,1,"GCLI (280); FF (134); DEM (1904); DCECH (rueda); DEEH (938); DEHLP (rolha). According to DDGM (rolado, TC), GP *rollado* is attested in the 14th century. GP *rolo* is already attested in the 14th century (DCECH: rolo 1; see also DDGM: rolo, CVGP)."
*bisacŭlu,kl,O(V)L,V_,F,sāccus,Late Lat.,bisalho,NA,GP,14,OLPAL,/ʎ/,NA,1,"DEM (369); DEHLP (bisalho); DELG (bisallo); cf. DEEH (508); DDGM (bisalho); TMILG (LP); REW (1121) disagreed with this etymology. DCECH (bisalho) and DEM (369) claimed that the first attestation of GP *bisalho* occurred in the 13th century. However, the same text (or a very similar one) from Estêvão da Guarda (GP troubadour) is referenced in TMILG, DDGM, and UC as belonging to the 14th century. This troubadour appears to have been born around 1280, so his literary production would have been concentrated in the 14th century (cf. CMGP)."
saecŭlāris,kl,O(V)L,V_,F,saecŭlum,Lat.,segrares,seglares,GP,13,"LEN, RHOT",/Oɾ/,NA,0,"DDGM (segrar, TC); DEHLP (secular); cf. DELG (século); TMILG (TC, XH, CI). GP *seglares* is attested in 13th-century VFD (also TC and XH). As in the case of OSp. *sieglo* (see *sieglo* (OSp.)), the preservation of the OL cluster may be due to the prevalence of a more conservative form of the word, given by its religious usage."
saecŭlāris,kl,O(V)L,V_,F,saecŭlum,Lat.,seglar,NA,OSp.,12,NA,/Ol/,NA,0,"DEEH (944); cf. DDGM (TC, segrar); DRAE (seglar). There is only one attestation in the 12th century but many in the 13th century (CORDE). As in the case of Sp. *siglo* (see *sieglo* (OSp.)), a more conservative form of OSp. *seglar* 'belonging to earthly life' could have prevailed due to its use in religious contexts (cf. DCECH: siglo)."
saecŭlum,kl,O(V)L,V_,F,saecŭlum,Lat.,sieglo,NA,OSp.,12,NA,/Ol/,NA,0,"CRC (236, 438); REW (7495); DEEH (944-5); DRAE (siglo); CORDE; OSp. *siéculo* is already attested in the 10th century (ibid.). According to DCECH (siglo), Sp. *siglo* is a semi-learned word. The reason behind its semi-learned character and behind the lack of OL palatalization could be a more extended use of the word in religious contexts, as Sp. *siglo* had not only the meaning 'generation, century' but also 'earthly life, world and eternal life' (cf. ibid.)."
saecŭlum,kl,O(V)L,V_,F,saecŭlum,Lat.,segre,NA,GP,13,"LEN, RHOT",/Oɾ/,NA,0,"REW (7495); DELG (século); DEHLP (século); DEM (1957); DDGM (segre, TC); TMILG (LP, CSM, XH). Both in the case of Galician and Portuguese, the modern word is *século* (DEHLP: século; DRAG: século). As in the case of OSp. *sieglo* (see *sieglo* (OSp.)), the preservation of the OL cluster may be due to the prevalence of a more conservative form of the word, given by its religious use."
sarcŭlāre,kl,O(V)L,C_,F,sarcŭlum,Lat.,sachar,NA,Sp.,16,OLPAL,/ʧ/,NA,1,"Georges (sarculum/sarculo); DCECH (sacho); DRAE (sachar); REW (7601); DEEH (953); there is one example of OSp. *sachar* in the 12th century but its meaning is unclear (CORDE). Apart from the expected outcome of postconsonantal OL clusters in Sp. *sachar*, we also find Ast. *sallar* and Leon. *jajar* (in the Maragatería region) (DCECH: sacho; DEEH: 953)."
sarcŭlāre,kl,O(V)L,C_,F,sarcŭlum,Lat.,sallamos,NA,"Ast., Sant., Burg.",13,OLPAL,/ʎ/,NA,1,Georges (sarculum/sarculo); CRC (259-60); DCECH (sacho); DEEH (953); CORDE.
sarcŭlāre,kl,O(V)L,C_,F,sarcŭlum,Lat.,sachar,NA,GP,14,OLPAL,/ʧ/,NA,1,"Georges (sarculum/sarculo); DELG (sacho-a 1); REW (7601); DCECH (sacho); DEHLP (sachar). The given inherited form and the attestation date may not coincide because the original source could not be consulted (see DEHLP: sachar). However, there is one example of GP *sachadoras* in the 15th century (TMILG: FMST)."
sarcŭlum,kl,O(V)L,C_,F,sarrire,Lat.,sachio,NA,GP,12,OLPAL,/ʧ/,NA,1,"Georges (sarculum/sarculo); FF (331); DCECH (sacho); DELG (sacho-a 1); REW (7602); DEHLP (sacho); DDGM (sacho, CVGP); for the context of the given inherited form, see DEM (1926) and the original source (PMH, *Leges* V: 743)."
sarcŭlum,kl,O(V)L,C_,F,sarrire,Lat.,sacho,NA,Sp.,16,OLPAL,/ʧ/,NA,1,Georges (sarculum/sarculo); CRC (259-60); DCECH (sacho); REW (7602); DRAE (sacho); DEEH (953); CORDE.
saƫl,tl,OL,V_,F,saƫl,Arab.,azetrelio,NA,OSp.,11,RHOT,/Oɾ/,NA,0,"From Lat. [sĭtŭla]{.smallcaps} through Arab. *satl* (DRAE: acetre; DCECH: acetre). Corominas (ibid.) mentioned two examples from the 11th century, but I could not locate any examples before the 13th century (*açetres*) in CORDE."
saƫl,tl,OL,V_,F,saƫl,Arab.,acetres,acetere,GP,14,RHOT,/Oɾ/,NA,0,From Lat. [sĭtŭla]{.smallcaps} through Arab. *satl* (DCECH: acetre; DELG: acetre; DEHLP: acéter); TMILG (both given forms in GHCD); more examples in DEM (53-4).
scarabaecŭlu,kl,O(V)L,V_,F,scărăbeus,Late Lat.,escaravaio,escarabajo,OSp.,13,NA,/ʒ/,u.o.,NA,"CRC (445); DEEH (957); DRAE (escarabajo), DCECH (escarabajo) and REW (7658) preferred Late Lat. [\*scarafaius]{.smallcaps} or [scarabaius]{.smallcaps} as etymon."
*scarabĭcŭlu,kl,O(V)L,V_,F,scărăbeus,Late Lat.,escaravello,NA,GP,15,OLPAL,/ʎ/,NA,1,"FF (136); DEEH (957, \< [\*scarabaecŭlus]{.smallcaps}); DEHLP (Pt. *escaravelho* \< [\* scarabĭculu]{.smallcaps}); DEM (868, \< [\*scarabiclu]{.smallcaps}); DLPC (1492); DELG (escarabello); TLPGP (escaravello). DCECH (escarabajo), REW (7658) and DXL (511) preferred Late Lat. [\*scarafaius]{.smallcaps} or [scarabaius]{.smallcaps} as etymon. The sources cited in DEHLP (escaravelho) for the dating of the inherited word could not be consulted, so the inherited form listed there does not necessarily correspond to the example found in the 15th century."
scandŭla,dl,O(V)L,C_,F,scandŭla,Lat.,escaña,escanda,OSp.,15,OLPAL,/ɲ/,u.e.,1,"With the meaning 'kind of wheat'; CRC (259, 480); DCECH (escanda); DRAE (escaña/escalla/escanda/escandia). According to REW (7650-52), Sp. *escanda* comes from Lat. [scandăla]{.smallcaps} (also DEEH: 956). Sp. *escanda* is attested in the 14th century (CORDE) but OSp. *scanda* is already attested in the 9th-10th centuries (DCECH: escanda)."
scandŭla,dl,O(V)L,C_,F,scandŭla,Lat.,escalla,NA,Arag.,NA,OLPAL,/ʎ/,u.e.,1,With the meaning 'kind of wheat'; DCECH (escanda); Aragonario; DEEH (956).
scandŭla,dl,O(V)L,C_,F,scandŭla,Lat.,escanda,escanla,GP,12-13,LEN/DEL,/O/,u.e.,0,"DCECH (escanda); DEEH (956); DEM (867); DEHLP (escândea); REW (7650-52, \< Lat. [scandăla]{.smallcaps}); both given forms are attested in TMILG (TL, also in CODOLGA)."
scŏpŭlus,pl,O(V)L,V_,F,scŏpŭlus,Lat.,escolho,NA,Pt.,16,NA,/ʎ/,u.o.,0,"It is unclear whether Pt. *escolho* comes directly from Lat. [scŏpŭlus]{.smallcaps} (REW: 7738; GCLI: 279; DEEH: 959) or whether it was borrowed from It. *scoglio*, which through Late or Vulgar Lat. [\*scŏclu]{.smallcaps} ultimately comes from Lat. [scŏpŭlus]{.smallcaps} (DCECH: escollo; DEHLP: escolho; DEM: 872-3; DELG: escollo)."
scŏpŭlus,pl,O(V)L,V_,F,scŏpŭlus,Lat.,escollo,NA,Sp.,17,NA,/ʎ/,u.o.,0,"It is unclear whether Sp. *escollo* comes directly from Lat. [scŏpŭlus]{.smallcaps} (GCLI: 279; DEEH: 959) or whether it was borrowed from It. *scoglio*, which through Late or Vulgar Lat. [\*scŏclu]{.smallcaps} ultimately comes from Lat. [scŏpŭlus]{.smallcaps} (DCECH: escollo; Roberts 2014: 649; DRAE: escollo). According to REW (7738), Sp. *escollo* is a Portuguese borrowing."
*serpucŭlus,kl,O(V)L,V_,F,serpĕre,Late Lat.,sarpullo,NA,Leon.,NA,OLPAL,/ʎ/,NA,1,"cf. DRAE (sarpullido); DEEH (968). According to DCECH (sarpullido), the evolution of the etymon would be as follows: Lat. [serpĕre]{.smallcaps} → Late Lat. [serpusculus]{.smallcaps} > Late Lat. \*[serpucŭlus]{.smallcaps}. Sp. *sarpullido* (attested in the 16th century, see CORDE) comes from *sarpullo*, which is either a Galician-Portuguese or Leonese borrowing."
*serpucŭlus,kl,O(V)L,V_,F,serpĕre,Late Lat.,sarapulha,NA,Gal.,16,OLPAL,/ʎ/,NA,1,"TLPGP (sarabullo); DXL (1096); no information found in DEM. According to DCECH (sarpullido), the evolution of the etymon would be as follows: Lat. [serpĕre]{.smallcaps} → Late Lat. [serpusculus]{.smallcaps} > Late Lat. \*[serpucŭlus]{.smallcaps} (cf. DEEH: 968). DELG (sarabulla-o-ón/sarabia) gave IE. \**sar*-/\**sal*- as etymological base, whereas DEHLP (sarabulho) and DDD (sarabullo/sarapulla) provided no etymological information."
serracŭlum,kl,O(V)L,V_,F,serrare,Lat.,cerraja,NA,OSp.,11,NA,/ʒ/,u.o.,NA,"CRC (438) (\< Lat. [serracŭla]{.smallcaps}); REW (7862, 7865) (\< Lat. [sĕrracŭlum]{.smallcaps} 'type of bolt' or \< Lat. [sĕrralia/sarracla]{.smallcaps} 'type of vegetable'); DCECH (cerraja); DELG (Gal. *cerralla* \< Lat. [serraculum]{.smallcaps}, Gal. *cerraxa* \< Lat. [serralia]{.smallcaps}). DEHLP (serralha) and DEM (1979) preferred Late Lat. [sarralĭa]{.smallcaps} as the etymon for Pt. *serralha*, which only has the meaning 'type of plant'. DRAE and TDHLE proposed different etymologies for Sp. *cerraja* depending on its meaning: Sp. *cerraja* 'bolt' \< Late Lat. [seracŭlum]{.smallcaps}, and Sp. *cerraja* 'plant species' \< [serralĭa]{.smallcaps}. Similarly, DEEH (968) considered Lat. [serralia]{.smallcaps} to be the etymon for Sp. *cerraja* 'vegetable', but Lat. [\*serucŭlus]{.smallcaps} for Sp. *cerrojo* 'bolt'. Cf. OLD (1743-5) or Georges (serratula/serralia) for information on the Latin words."
sībĭlāre,bl,O(V)L,V_,F,sībĭlus,Lat.,silvos,chiflar,OSp.,13,META,/lO/,NA,0,Georges (sibilo); CRC (433) (silbar); DCECH (silbar); REW (7890); DRAE (silbar); TDHLE (silbar/chiflar); DEEH (970-1); CORDE. The evolution of the etymon would be as follows: Lat. [sīfĭlāre]{.smallcaps} > Lat. [sībĭlāre]{.smallcaps} > Sp. *silbar*; see also DCECH (chifle/chufa). Sp. *chiflar* could come from Lat. [sīfĭlāre]{.smallcaps} (cf. DCECH: silbar/chifle/chufa; DEEH: 970) but DRAE (chiflar) considered it a Fr. borrowing.
sībĭlāre,bl,O(V)L,V_,F,sībĭlus,Lat.,silvar,asubiar,GP,13,"LEN, META",/(l)O/,NA,0,"Georges (sibilo); FF (340, 400); DCECH (silbar/chifle); GCLI (281); REW (7890); DELG (chifro/chifra/subiar/chufar); DEHLP (silvar/assobiar); DEM (270-1, 1984); DEEH (970-1); DDGM (asobiar/silvar); TMILG (CSM, CT), GP *aseuios* is also attested in TC and CT (13-14th centuries). The evolution of the etymon could be as follows: Lat. [sīfĭlāre]{.smallcaps} > Lat. [sībĭlāre]{.smallcaps} > GP *silvar*, Lat. [(ad)sībĭlāre]{.smallcaps} \< Lat. [(ad)sūbĭlāre]{.smallcaps} > Gal. *asubiar*, Pt. *assobiar* (cf. DEHLP; DCECH; REW). Gal. *chifrar* could come from Lat. [sīfĭlāre]{.smallcaps} (cf. DCECH silbar; DDD: chifrar; DELG: chifro)."
*sūfilāre,fl,O(V)L,V_,F,sībĭlus,Late Lat.,chuflar,NA,Arag.,NA,NA,/fl/,NA,0,Georges (sibilo); CRC (431); DCECH (silbar); Aragonario (silbar).
"sĭmplex, -ĭcis",pl,OL,C_,F,"sĭmplex, -ĭcis",Lat.,simpriz,NA,GP,13,NA,/Oɾ/,NA,0,"LS and Georges (simplus/simplex); DCECH (simple); DELG (simple); DEHLP (simples); DDGM (simprez, see TC for information on GP *simpriz*); DEM (604-5); no information on Galician or Portuguese inherited words in REW (7930); several examples were found in TMILG (e.g., XH, FDUSC) from the 14th century onwards."
sĭmplus,pl,OL,C_,F,sĭmplus,Lat.,simple,NA,OSp.,13,NA,/Ol/,BORR?,0,LS and Georges (simplus/simplex); DCECH (simple); cf. DRAE (simple); Roberts (2014: 548); no information in REW (7930); DEEH (973); CORDE.
sŭgglūtīre,ggl,OL,V_,F,sĭngŭltus or gluttire,Late Lat.,sollutir,NA,Ast.,NA,OLPAL,/ʎ/,NA,1,"DGLA (sollutar); DCECH (sollozar); DEEH (974); REW (7943) suggested Lat. [sŭbgluttiāre]{.smallcaps} as the etymon (Lat. [sŭgglutĭum]{.smallcaps} 'hiccup', cf. LS and Georges sugglutio), which is attested in several Latin glossaries. Lat. [sŭgglŭttĭum]{.smallcaps} seems to originally come from Lat. [singultus]{.smallcaps} 'sobbing' (LS), which was then interpreted as a derivational form of Lat. [gluttīre]{.smallcaps} (DCECH: sollozo)."
sŭgglŭttĭum,ggl,OL,V_,F,sĭngŭltus or gluttire,Late Lat.,solloços,NA,OSp.,13,OLPAL,/ʎ/,NA,1,"CRC (440); DRAE (sollozo); DEEH (974); CORDE. REW (7943) suggested Lat. [sŭbgluttiāre]{.smallcaps} as the etymon (Lat. [sŭgglutĭum]{.smallcaps} 'hiccup', cf. LS and Georges: sugglutio), which is attested in several Latin glossaries. Lat. [sŭgglŭttĭum]{.smallcaps} seems to originally come from Lat. [singultus]{.smallcaps} 'sobbing' (LS), which was then interpreted as a derivational form of Lat. [gluttīre]{.smallcaps} (DCECH: sollozo). It is unclear whether OSp. *solloçar* comes directly from Lat. [sŭbgluttiāre]{.smallcaps} (cf. REW and DRAE) or was derived from OSp. *solloço* \< Lat. [sŭgglŭttĭum]{.smallcaps} (DCECH: sollozar)."
sŭgglŭttĭum,ggl,OL,V_,F,sĭngŭltus or gluttire,Late Lat.,saluçadas,NA,GP,13,NA,/l/,NA,0,"DEHLP (soluço/saluço); DDGM (saluçada); DEEH (974); REW (7943) suggested Lat. [sŭbgluttiāre]{.smallcaps} as the etymon; DEM (2001); DXL (1091); TMILG (CSM). GP *soluço/saluço* are attested in the 14th century (DEHLP: soluço; DEM: 2001). Lat. [sŭgglutĭum]{.smallcaps} 'hiccup' (cf. LS and Georges: sugglutio), which is attested in several Latin glossaries, seems to originally come from Lat. [singultus]{.smallcaps} 'sobbing' (LS), which was then interpreted as derivational form of Lat. [gluttire]{.smallcaps} (DCECH: sollozo). It is unclear whether GP *soluçar* comes directly from Lat. [sŭbgluttiāre]{.smallcaps} (cf. REW and DRAE: sollozar) or was derived from GP *soluço* \< Lat. [sŭgglŭttĭum]{.smallcaps} (DCECH: sollozo; DEHLP: soluçar). The evolution of the etymon is unclear since /l/ is not a common outcome beyond word-initial /gl/ (cf. García-Covelo 2025: 30-3, 99-301). Perhaps the following evolution would be possible: Late Lat. /g:l/ > /l:/ > GP /l/ or Late Lat. /g:l/ > /gl/ > /l:/ > GP /l/."
sĭngŭlus,gl,O(V)L,C_,F,sĭngŭlus,Lat.,seños,sendos,OSp.,12,OLPAL,/ɲ/,NA,1,"CRC (259, 269); GCLI (283); DCECH (sencillo); DEEH (974); DRAE (sendos); CORDE."
sĭngŭlus,gl,O(V)L,C_,F,sĭngŭlus,Lat.,senllas,"sennas, senhos, senlos",GP,13,OLPAL,"/nʎ/, /ɲ/",NA,1,"FF (355); GCLI (283); DDGM (senllos/senlos, especially TC); DEEH (974); DELG (senllos-as); DEHLP (senhos); REW (7945); DEM (1971); TMILG (LP, TC; both GP *senllas* and *sennas* are attested in CSM)."
"sĭngŭlārĭtās, -ātis",gl,O(V)L,C_,F,sĭngulāris,Lat.,señerdat,NA,OSp.,13,OLPAL,/ɲ/,NA,1,Georges (singularitas); CRC (350); DEEH (974); cf. DCECH (sencillo); CORDE.
"sĭngŭlārĭtās, -ātis",gl,O(V)L,C_,F,sĭngulāris,Lat.,señardade,NA,Gal.,19-20,NA,/ɲ/,u.o.,NA,"Georges (singularitas); GCLI (283); cf. DELG (senllos-as) and REW (7941); DDD (señardá); DRAG (señardade); cf. DEEH (974); cf. DEHLP (singularidade) and DEM (1972); TILG (senardá/señardade). Given that the available etymological information on Galician-Portuguese only mentions Mir. *señardade*, it is unclear whether Gal. *señardade/señardá* come from Lat. [sĭngŭlārĭtās, -ātis]{.smallcaps} or whether it is an Ast. borrowing (see TLPGP: señardade for the geographical regions were *señardade* and similar forms are used)."
"sĭngŭlārĭtās, -ātis",gl,O(V)L,C_,F,sĭngulāris,Lat.,señardade,NA,Mir.,NA,OLPAL,/ɲ/,NA,1,GCLI (283); REW (7941); DEEH (974).
"sĭngŭlārĭtās, -ātis",gl,O(V)L,C_,F,sĭngulāris,Lat.,señardá,NA,Ast.,NA,OLPAL,/ɲ/,NA,1,Georges (singularitas); GCLI (283); REW (7941); DEEH (974); DGLA (señardá).
sĭngŭlārĭus,gl,O(V)L,C_,F,sĭngulāris,Late Lat.,senlleira,senheyra,GP,13,OLPAL,"/nʎ/, /ɲ/",NA,1,"Georges (singularius); FF (355); GCLI (283); DDGM (senlleyro/senlleiro, especially TC); cf. DELG (senllos-as); DEM (1971); DEEH (974); TMILG (LP, CSM, TC), both given forms attested in LP, in CSM only GP *senlleira*."
sĭngŭlārĭus,gl,O(V)L,C_,F,sĭngulāris,Late Lat.,señeros,NA,OSp.,12,OLPAL,/ɲ/,NA,1,"Georges (singularius); CRC (256, 269); GCLI (283); DCECH (sencillo); DRAE (señero 2); cf. REW (7940-5); DEEH (974); CORDE."
sĭtŭla,tl,O(V)L,V_,"F, cunha?",sĭtŭla,Lat.,sella,senlla,GP,14,OLPAL,/ʎ/,NA,1,"With the meaning 'bucket or pan (for drawing water)' (LS and Georges: situla); DCECH (acetre); FF (136); DELG (sella); DEHLP (selha); DEM (1963); DDD (sella); maybe DDGM (selha, CVGP)."
*sŏrtīcŭla,kl,O(V)L,V_,F,"sŏrs, -tis",Late Lat.,sortilia,NA,GP,12?-13,OLPAL,/ʎ/,NA,1,"CRC (439); FF (136); DEEH (983); DCECH (suerte); REW (8108); DDGM (sortella, especially TC); DEHLP (sortelha/sortilha); GP *sortella* is attested in 13th-century CSM, among other sources (cf. TMILG: TC, XH, GHCD); DEM (228)."
*sŏrtīcŭla,kl,O(V)L,V_,F,"sŏrs, -tis",Late Lat.,sortijas,NA,OSp.,13,OLPAL,/ʒ/,NA,1,"CRC (439, 448-9); DCECH (suerte); DEEH (983); REW (8108); CORDE."
spatŭla,tl,O(V)L,V_,F,spatha,Lat.,espalda,NA,OSp.,13,NA,/lO/,NA,0,CRC (437); GCLI (280) (Sp. *espalda* \< Late Lat. [spathŭla]{.smallcaps}); DRAE (Sp. *espalda* \< Late Lat. [spathŭla]{.smallcaps}); REW (8130); DCECH (espalda); DEEH (984). There is one example of OSp. *espaldas* in the 12th century but its meaning is not entirely clear (CORDE).
spatŭla,tl,O(V)L,V_,F,spatha,Lat.,spadoam,NA,GP,12,NA,/O/,NA,0,"REW (8130); DCECH (espalda); DEHLP (espádua); GCLI (280, \< [spathŭla]{.smallcaps}); FF (221); DDGM (espadoa/espadoas, TC and CSM); TMILG (GP *spadoas* attested in TC, SVP); see DEM (885) for the context of the attested form in PMH (*Leges* III: 482)."
spĕcŭlum,kl,O(V)L,V_,F (light highlight),spĕcĕre,Lat.,spillu,espejo,OSp.,10,OLPAL,/ʒ/,NA,1,"CRC (438, 445); DCECH (espejo); GCLI (278); REW (8133); DEEH (984-5); DRAE (espejo); OSp. *spillu* could not be located in CORDE but OSp. *espejo* is attested in the 13th century; see DCECH (espejo) for information on the attested form (*Glosas Emilianenses*)."
spĕcŭlum,kl,O(V)L,V_,F,spĕcĕre,Lat.,espello,NA,GP,13,OLPAL,/ʎ/,NA,1,"FF (135, 354, 392); GCLI (278); DELG (espello); REW (8133); DEHLP (espelho); DEM (889); DEEH (984-5); DDGM (espello/espelho, especially TC); TMILG (CSM, LP, TC, CT, HT)."
spĕcŭlum,kl,O(V)L,V_,F,spĕcĕre,Lat.,espeilho,NA,Mir.,NA,OLPAL,/ʎ/,NA,1,GCLI (278); DCECH (espejo).
spĕcŭlum,kl,O(V)L,V_,F,spĕcĕre,Lat.,espiello,NA,Arag.,NA,OLPAL,/ʎ/,NA,1,GCLI (278); DCECH (espejo); Aragonario.
spīcŭlum,kl,O(V)L,V_,F,spīcum,Lat.,espligo,NA,OSp.,14-15,NA,/Ol/,NA,0,CRC (438); DCECH (espliego); REW (8147); DRAE (espliego); Roberts (2014: 662); DEEH (985); cf. CORDE.
spīcŭlum,kl,O(V)L,V_,F,spīcum,Lat.,espligo,NA,Arag.,14,NA,/Ol/,NA,0,CRC (438); DCECH (espliego); Aragonario; cf. DEEH (985).
spīcŭlum,kl,O(V)L,V_,F,spīcum,Lat.,esprego,NA,Gal.,19,NA,/Oɾ/,BORR?,0,"DCECH (espliego); DEEH (985); DDD (esprego); no information was found on Gal. *esprego* and similar Pt. or GP forms in DELG, DRAG, DEHLP, DEM. The only example of Gal. *esprego* in TLPGP (esprego) is Gal. *espliego*, which may be a Spanish borrowing."
stĭpŭlāri,pl,O(V)L,V_,F,stĭpŭlus,Lat.,astiprar,NA,OSp.,13,NA,/Oɾ/,BORR,0,"Georges and LS (stipulus); DCECH (estipular). OSp. *astiprar* (Leon. attestation) appears to be an uncommon form since no similar attested forms are found in CORDE before the 15th century (OSp. *stipulatión, stipulacion, estiplanciones* in the 13th century)."
stĭpŭlāri,pl,O(V)L,V_,F,stĭpŭlus,Lat.,stipullaços,NA,GP,14,NA,/Oul/,BORR,0,"Georges and LS (stipulor/stipulus); TMILG (GHCD); CVGP (167); DEHLP (estipular); DEM (918). This word is clearly an old borrowing in Galician, as lenition caused neither the voicing of /p/ nor the loss of /l/."
*restŭcŭlum,kl,O(V)L,V_,F,stipula,Late Lat.,restojo,NA,OSp.,12,OLPAL,/ʒ/,NA,1,"Georges and LS (stipula); CRC (432); REW (7252a); DRAE (restojo/rastrojo); CORDE. According to DCECH (rastrojo), the evolution of the etymon would be the following: Lat. [stipula > stupula]{.smallcaps} → \*[restupulare]{.smallcaps} → \*[restupulu]{.smallcaps} > Late Lat. \*[restŭcŭlum]{.smallcaps}. This last change was due to a suffix change, which was quite common from \<tul, pul> to \<cul> (cf. DEEH: 927)."
*restŭcŭlum,kl,O(V)L,V_,F,stipula,Late Lat.,restroio,NA,GP,12-13,OLPAL,/ʎ/,NA,1,"Georges and LS (stipula); DELG (restrollo); DEEH (927); REW (7252a); DEHLP (restolho); DDGM (restollo, CVGP); DEM (1888); TMILG (GP *restrollo* attested in 13th-century FCR); see the context for the given inherited form in PMH (*Leges* V: 755; GP *restrolho* attested in Leges IV: 866). According to DCECH (rastrojo), the evolution of the etymon would be as follows: Lat. [stipula > stupula]{.smallcaps} → \*[restupulare]{.smallcaps} → \*[restupulu]{.smallcaps} > Late Lat. \*[restŭcŭlum]{.smallcaps}. This last change was due to a suffix change, which was quite common from \<tul, pul> to \<cul>."
sŭcŭlus,kl,O(V)L,V_,F,sūs,Lat.,solho,NA,GP,13,OLPAL,/ʎ/,NA,1,"DDD (sollo); no etymological information in DRAE (sollo). REW (8439, see also 8418b) suggested that Lat. [sŭīllus]{.smallcaps} would have resulted in Sp. *sollo*, which was borrowed into Portuguese (REW also gave Gal. *chula* as inherited word). This etymology has been strongly critized by DCECH (sollo), who preferred to derive Pt. *sollo* from Lat. [sŭcŭlus]{.smallcaps} (also DEM: 2018 and DELG: sollo) and suggested that Sp. *sollo* should either be a Pt., Mozarab. or OArag. borrowing. TLPGP (sollo, Ríos Parnisse 1977) expanded some points of the etymology given by DCECH (sollo). DEHLP (solho/solha) gave no information on Pt. *solho* 'sturgeon', but Pt. *solha* 'sole, brill' would go back to Lat. [solĕa]{.smallcaps}. DEEH (980) preferred Lat. [sŏlĕa]{.smallcaps} as etymology for Pt. *solho* and *solha* and Gal. *solla*."
resŭfflāre,ffl,OL,V_,F,sŭfflāre,Lat.,resollo,NA,GP,13-14,NA,/ʎ/,BORR?,1,"DELG (resollo); DDGM (resollo, especially TC); TMILG (only one instance, in TC). No words with a form *(re)solh-* were found in DEHLP (solhar/assoalhar/soalho/soalha) with the meaning 'gasp, breath'. Similarly, no information was found in DEM. GCLI (235) suggested that Gal. *resollar* may have been influenced or borrowed from Spanish. Given that Lat. [sŭfflāre]{.smallcaps} became OSp. *sollar* (with OL palatalization) but GP *soprar* (without OL palatalization), and that the expected outcome for /Vf:l/ is /ʧ/ in Galician-Portuguese, it is probable that GP *resollo/resolhar* is of Spanish origin (further information in *soprar* (GP))."
resŭfflāre,ffl,OL,V_,F,sŭfflāre,Lat.,resollar,NA,OSp.,13,OLPAL,/ʎ/,NA,1,"GCLI (235); DRAE (resollar); cf. Diez and Scheler (2021: 488); no information found in REW; CORDE. DEEH (928) preferred Lat. [resŭflāre]{.smallcaps} as etymology, which is unexpected given that the etymology for OSp. *sollar* is Lat. [sŭfflāre]{.smallcaps} (DEEH: 1000). DCECH (resollar) seemed to derive OSp. *resollar* from OSp. *sollar*."
sŭfflāre,ffl,OL,V_,F,sŭfflāre,Lat.,asollar,NA,Ast.,NA,OLPAL,/ʎ/,NA,1,GCLI (235); DCECH (soplar); DGLA (asollar); DEEH (1000).
sŭfflāre,ffl,OL,V_,F,sŭfflāre,Lat.,sollar,NA,OSp.,13,OLPAL,/ʎ/,NA,1,GCLI (235); DCECH (soplar); DRAE (sollar); REW (8430); CRC (432); DEEH (1000); CORDE.
sŭfflāre,ffl,OL,V_,F,sŭfflāre,Lat.,soprar,NA,GP,14,RHOT,/Oɾ/,NA,0,"see DCECH (soplar) for the alternation [sŭfflāre/sŭpplāre]{.smallcaps}; REW (8430); cf. DEHLP (soprar); DELG (soprar); DXL (1131); DEM (2008 for GP *soprar*; no information on GP *(re)sollar*, *(re)solhar* or *resoplar*); TMILG (HT, TA). DELG (sollar 2) and DEEH (1000) suggested that Gal. *sollar* is an inherited word from Lat. [sŭfflāre]{.smallcaps} (see also DDGM: resollo, TC and DELG: ensollar-se). However, /ʧ/, and not /ʎ/, should be the expected outcome for -VO:l-, e.g. Lat. [afflāre]{.smallcaps} > Gal. *achar*, Lat. [applĭcāre]{.smallcaps} > Gal. *achegar*. Moreover, outside of secondary postvocalic O(V)L clusters, all palatalized OL clusters resulted in /ʧ/ in Galician-Portuguese. For these reasons, it is more probable that Gal. *sollar*, together with *resollar* and *ensollar*, were borrowed either from Spanish or from Astur-Leonese."
tabŭla,bl,O(V)L,V_,F,tabŭla,Lat.,tablas,NA,OSp.,12,NA,/Ol/,NA,0,"CRC (236, 433); GCLI (281); REW (8514); DRAE (tabla); DCECH (tabla); DEEH (1008); CORDE."
tabŭla,bl,O(V)L,V_,F,tabŭla,Lat.,tavoa,taboas,GP,13,"-SINC, LEN",/O/,NA,0,"FF (222); GCLI (281); DCECH (tabla); REW (8514); DEEH (1008); DDGM (tavoa, TC); DEHLP (tábua); DELG (táboa); DEM (2035); TMILG (CSM, TC; GP *taboa(s)* attested in XH, HT, MS)."
tabŭlātum,bl,O(V)L,V_,F,tabŭla,Lat.,tablados,NA,OSp.,12,NA,/Ol/,NA,0,DRAE (tablado); REW (8515); cf. DCECH (tabla); DEEH (1008); CORDE.
tabŭlātum,bl,O(V)L,V_,F,tabŭla,Lat.,tauoado,NA,GP,13,"-SINC, LEN",/O/,NA,0,"REW (8515); DEEH (1008); DDGM (tavolado, TC); DELG (táboa); DEHLP (tabuado); DEM (2035); TMILG (MB, DMSBC, MNP); GP *tauolado* is also attested in the 13th century (TMILG: LP, TC)."
tĕmplum,pl,OL,C_,F,tĕmplum,Lat.,tiemplo,NA,OSp.,13,NA,/Ol/,NA,0,"DRAE (templo); no information on Spanish inherited words in REW (8630); CORDE. According to DCECH (templo), Sp. *templo* is a learned word and OSp. *tiemplo* perhaps a semi-learned word."
tĕmplum,pl,OL,C_,"F, check mettmann",tĕmplum,Lat.,tenpro,tenplos,GP,13,RHOT,/Ol/,NA,0,"DEHLP (templo); DCECH (templo); DDGM (tenpro/templo/tenplo); no information on Galician or Portuguese in REW (8630); TMILG (CSM, CT; GP *tẽplos* attested in XH, HT). DEM (2062) claimed that GP *templo/temple* represented the learned or conservative form of the etymon (""por via culta""). DCECH (templo) also implied that GP *temple* was a learned word."
tēgŭla,gl,O(V)L,V_,F,tego,Lat.,teias,teja,OSp.,13,OLPAL,/ʒ/,NA,1,"CRC (102, 440, 446); GCLI (279); DRAE (teja 1); DCECH (techo); DEEH (1015); REW (8618); OSp. *teja(s)* is also attested in the 13th century (cf. CORDE). There is an example of OSp. *tella* in the 12th-13th centuries, which could also come from Lat. [tēgŭla]{.smallcaps}."
tēgŭla,gl,O(V)L,V_,F,tego,Lat.,telia,NA,GP,12,OLPAL,/ʎ/,NA,1,"FF (135, 354); GCLI (279); DELG (tella); REW (8618); DEEH (1015); DEHLP (telha); DEM (2061); DDGM (tella, especially TC); TMILG (GP *tella* also attested in FCR, TC, CDMO); GP *telia* is attested in CODOLGA and in PMH (*Leges* III: 406), GP *telleiro* is attested in PMH (*Diplomata et Chartae* I: 10) in the 10th century; Mir. *teilha* (GCLI: 279)."
*tempola,pl,O(V)L,C_,F,"tempus, -ŏris",Late Lat.,tienlla,NA,OSp.,13,NA,/nʎ/,BORR?,?,"With the meaning 'temple (of the head)'; DCECH (temporal); DEEH (1015); no information in REW (8635); CORDE. Some sources preferred Lat. \*[tĕnŭla]{.smallcaps} (← Lat. [tenus]{.smallcaps} 'stretched cord, noose') (LS and Georges: tenus) as etymology (CRC: 381; see references in DCECH: temporal). The expected outcome in postconsonantal OL clusters is /ʧ/ and the outcome /nʎ/ is unusual outside of /ngl/ in Spanish and Galician-Portuguese (cf. García-Covelo 2025: 27-9). DCECH (ibid.) argued that OSp. *tienlla* must reflect a dialectal evolution of the cluster. This evolution probably comes from Astur-Leonese (cf. DALLA and DGLA: tenllera), where /nʎ/ is more usual in OL clusters containing a voiceless obstruent (ibid.; cf. GCLI: 233, 282-3)."
*tempola,pl,O(V)L,C_,F,"tempus, -ŏris",Late Lat.,tenlleira,NA,Gal.,19,NA,/nʎ/,BORR?,?,"With the meaning 'cheek'; DCECH (temporal); DELG (tempas); DDD (tenlleira); no information in DEM (2062-3); cf. DEHLP (têmpora). The outcome /nʎ/ is unusual outside of /ngl/ in Spanish and Galician-Portuguese and postconsonantal /pl fl kl/ usually resulted in /ʧ/ (cf. García-Covelo 2025: 27-9). For this reason, this word could have come from the Astur-Leonese territory (cf. DALLA and DGLA: tenllera), where this outcome is more usual in postconsonantal OL clusters containing voiceless obstruents (ibid.; cf. GCLI: 233, 282-3)."
*tempola,pl,O(V)L,C_,F,"tempus, -ŏris",Late Lat.,tenllera,"tellera, tenyera",Ast.,NA,OLPAL,/(n)ʎ/,NA,1,DCECH (temporal); DALLA (tenllera/tenyera); DGLA (tenllera).
trībŭlum,bl,O(V)L,V_,F,terere,Lat.,trillo,NA,OSp.,12,OLPAL?,/ʎ/,NA,?,"CRC (433-4); DCECH (trillo); REW (8886); DEEH (1034); cf. Roberts (2014: 652), where Sp. *trillo* is derived from Sp. *trillar*; CORDE. DCECH (trillo) stated that the evolution /bl/ > /ʎ/ is certain, giving as examples not only Lat. [trībŭlum]{.smallcaps} > Sp. *trillo* and *trillar* (\< [Lat. trībŭlāre]{.smallcaps}) but also Sp. *enjullo* (\< Lat. [ĭnsūbŭlum]{.smallcaps}) and maybe Sp. *trulla* (\< Lat. [tŭrbŭla?]{.smallcaps}. However, it is unclear how /bl, bul/ became /ʎ/, while /gul, cul/ became /ʒ/ (and later /x/) in Spanish. It is unusual for one cluster within a position to behave differently than the other clusters (cf. García-Covelo 2025: 25-33, 298-301). Given that OL palatalization in secondary postvocalic O(V)L clusters consistently resulted in /ʎ/ in Galician-Portuguese, it may be possible that Sp. *trillo, trillar* (see TDHLE: trillar) and *ensullo* are GP borrowings (and Sp. *trulla* might be of Cat. origin, cf. *trulla* (Sp.) or DCECH: trulla I)."
trībŭlum,bl,O(V)L,V_,F,terere,Lat.,trilho,NA,GP,13,OLPAL,/ʎ/,NA,1,"REW (8886); cf. DELG (trillo); DEHLP (trilho); DEM (2115); DEEH (1034); GP *trilho* could not be found in TMILG; for the attestation of the given inherited word, see DDGM (trilho, CVGP)."
tertublo,bl,OL,V_,"F, only pt??",terrae tuberum,Lat.,tortulho,NA,GP,14,OLPAL,/ʎ/,NA,1,With the meaning 'mushroom'; DCECH (trillo); DEHLP (tortulho/trilh-); DEM (2097); TLPGP (tortulho). Gal. *tortullo* does not seem to be a common or extended word (DDD: tortullo; TLPGP: tortullo) and no medieval examples were found in DDGM or TMILG.
tĭtŭlus,tl,O(V)L,V_,F,tĭtŭlus,Lat.,tilde,NA,OSp.,15,"META, LEN",/lO/,NA,0,"CRC (437); GCLI (280); REW (8761). According to DRAE (tilde), Sp. *tilde* would come from Sp. *tildar* (\< Lat. [titulāre]{.smallcaps}). In contrast, DCECH (título) and REW (8761) suggested that Sp. *tildar* was derived from Sp. *tilde*. In addition, DCECH suggested that Sp. *tilde* is a semi-popular word and does not come directly from Latin due to the unusual e-ending, but from Cat. or Occ. (also Roberts 2014: 616). DEEH (1024) preferred Lat. [titulāre]{.smallcaps} as etymology. REW (8761) considered Sp. *tilde* to be a technical or learned word (""Buchwort"")."
tĭtŭlus,tl,O(V)L,V_,F,tĭtŭlus,Lat.,tidoo,NA,GP,13-14,-SINC,/O/,NA,0,"DELG (tídoo); cf. REW (8761); DDGM (tidoo, CVGP); TMILG (CuPB, CDMO, GHCD); DDD (tídoo); DEEH (1024). It is unclear whether Gal. *til/tilde* and Pt. *til* come directly from Latin (GCLI 280; REW: 8761; DELG: tídoo) or from Occ. *tille(s)* (DCECH: título; DEHLP: til). DEM (2087) considered Pt. *tilde* a Sp. borrowing."
*extŏrcŭlāre,kl,O(V)L,C_,F,torquēre,Late Lat.,estrujar,NA,OSp.,15,OLPAL,/ʒ/,NA,1,"CRC (256, 260, 269); DCECH (estrujar/trulla I); DRAE (estrujar); REW (8792, > [tŏrcŭlum]{.smallcaps}); Roberts (2014: 679); DEEH (662); CORDE."
*extŏrcŭlāre,kl,O(V)L,C_,F,torquēre,Late Lat.,estruyar,NA,Ast.,NA,OLPAL,/Oɾ/,NA,1,DCECH (estrujar); DEEH (662); DGLA (estuyar).
*extŏrcŭlāre,kl,O(V)L,C_,F,torquēre,Late Lat.,estrulloulle,NA,GP,14-15,OLPAL,/ʎ/,NA,1,"DCECH (estrujar); TMILG (MS); DDD (estruchar/estrullar); TLPGP (estrullar/estruchar). DCECH argued that Gal. *estruchar* represents a later metathesis of /r/, in contrast to GP *estrullar*: Lat. [extŏrcŭlāre]{.smallcaps} > *\*estorchar* > Gal. *estruchar* vs. Lat. [extŏrcŭlāre]{.smallcaps} > Late Lat. [\*extroclare]{.smallcaps} > GP *estrullar* (cf. DCECH: trulla I)."
tŏrcŭlāre,kl,O(V)L,C_,F,torquēre,Lat.,trujal,trujar,Sp.,19,OLPAL,/ʒ/,NA,1,"CRC (242, 256, 269); DCECH (estrujar); DRAE (trujal); REW (8790); DEEH (1026); Roberts (2014: 652); CORDE. It is unclear whether Sp. *trullo* 'wine press' may have been borrowed from Cat. *trull* (\< Lat. [tŏrculum]{.smallcaps}; cf. DCECH: estrujar, REW: 8792, DRAE: trullo 2). Given that the expected outcome for /kul/ is /ʒ/ > /x/ in Spanish (cf. García-Covelo 2025: 25-33), it is probable that Sp. *trullo* is of Cat. origin. Sp. *trujaron* is attested in a 1676 document, perhaps with the meaning 'twist, bend' (cf. CORDE; cf. LS: torqueo)."
trībŭlāre,bl,O(V)L,V_,F,trībŭlum,Lat.,trillar,NA,OSp.,11,NA,/ʎ/,BORR?,NA,"GCLI (281); DCECH (atribular/trillo); REW (8885); DRAE (trillar); DEEH (1034); CORDE; according to TDHLE (trillar), Sp. *trillar* was borrowed from Pt. *trilhar*; see discussion in *trillo* (OSp.)"
trībŭlāre,bl,O(V)L,V_,F,trībŭlum,Lat.,trilla,NA,GP,13,OLPAL,/ʎ/,NA,1,"GCLI (281); DCECH (atribular/trillo); REW (8885); DEEH (1034); DELG (trillar); DEHLP (trilhar/trilh-); DEM (2115); DDGM (trillar/trilhar); TMILG (CSM, CT). In CODOLGA (Herrero Jiménez 2004), there is one example of *trillar* from the 12th century but it is unclear whether it can be considered Galician-Portuguese."
trĭplus,pl,OL,V_,F,trĭplus,Lat.,treble,NA,OSp.,13,LEN,/Ol/,NA,0,REW (8913); DEEH (1036); DCECH (tres); DRAE (triple).
tŭbŭla,bl,O(V)L,V_,F,tŭba,Lat.,tolva,NA,Sp.,16,META,/lO/,NA,0,"CRC (433); DCECH (tubo); DEEH (1038); DRAE (tolva); REW (8968). According to DCECH (tubo), Sant. *tólbola* was the result of a old form \**tóvola* influenced by Sp. *tolva* (cf. DEEH: 1038)."
tŭbŭla,bl,O(V)L,V_,F,tŭba,Lat.,tullas,NA,GP,14,NA,/ʎ/,u.o.,NA,"With the Lat. meaning 'small trumpet' (LS and Georges: tubula) and the general GP meaning 'cellar or chest to keep cereals, olives, etc' (DXL: 1213-4; DEHLP: tulha; DCECH: tubo); DDGM (tulla, CVGP); DEEH (1038); TMILG (GHCD, CDMO). DEHLP (tulha) gave no etymological information and DEM (2123) only suggested that it may come from a derivational form of Lat. [tŭbu-]{.smallcaps}. NDLP (tulha) preferred Lat. [tudicula]{.smallcaps} as the etymology, while DXL (1213-4) preferred Got. *\*thraúshs* 'chest'. A form of GP *tullas*, i.e. *tulias*, may already be attested in the 10th century (cf. CODOLGA; DDGM: tulla, CVGP)."
tŭrbŭla,bl,O(V)L,C_,F,tŭrbŭla,Late Lat.,trulla,NA,Sp.,16,OLPAL,/ʎ/,NA,1,"With the meaning 'hubbub, racket'; Roberts (2014: 660); REW (8997); DEEH (1041); no etymological information in DRAE (trulla 1). Sp. *trulla* could also come from Cat. *trull* (\< Lat. [tŏrcŭlum]{.smallcaps}) (DCECH: trulla I). There are instances of OSp. *trulla* before the 16th century (ibid.) but their meaning is unclear."
*tŭrbŭlāre,bl,O(V)L,C_,F,tŭrbŭla,Late Lat.,trollar,NA,Ast.,NA,OLPAL,/ʎ/,NA,1,REW (8897); DCECH (trulla I); DEEH (1041); DGLA (trollar).
*tŭrbŭlāre,bl,O(V)L,C_,F,tŭrbŭla,Late Lat.,trullada,NA,Gal.,19,OLPAL,/ʎ/,NA,1,REW (8897); DCECH (trulla I); DDD (trullada); DELG (troula) seemed to suggest a different etymology; no information found in DEHLP or DEM.
*ŭncĭcŭla,kl,O(V)L,V_,F,uncus,Late Lat.,onceja,NA,OSp.,13,OLPAL,/ʒ/,NA,1,"CRC (439); DCECH (vencejo II); no information found in DEEH; CORDE. Sp. *vencejo* 'common swift' may be an alteration of OSp. *oncejo* due to confusion with Sp. *vencejo* 'type of ligature'. OSp. *oncejo* would be the result of the influence of OSp. *onceja* (\*[ŭncĭcŭla]{.smallcaps}) on OSp. *\*hocejo*, which may have its origin in Lat. \*[falciculum]{.smallcaps} (cf. DCECH: vencejo II; REW: 3156; DRAE: oncejo/vencejo 2; Roberts 2014: 275)."
pĕdĭs ŭngŭla,gl,O(V)L,C_,F,unguis,Late Lat.,pesuña,NA,OSp.,15,OLPAL,/ɲ/,NA,1,"CRC (259, 269); DRAE (pezuña); DEEH (862); DCECH (pie); REW (6439); CORDE."
pĕdĭs ŭngŭla,gl,O(V)L,C_,F,unguis,Late Lat.,pesunho,NA,Pt.,18,OLPAL,/ɲ/,NA,1,DEEH (862); DCECH (pie); DEM (1701); REW (6439); DEHLP (pezunho) seemed to imply that Pt. *pezunho* is a Sp. borrowing.
ŭngŭla,gl,O(V)L,C_,F,unguis,Lat.,uña,NA,OSp.,12,OLPAL,/ɲ/,NA,1,"CRC (259, 269); GCLI (283); DCECH (uña); DRAE (uña); REW (9071); DEEH (1045); CORDE."
ŭngŭla,gl,O(V)L,C_,F,unguis,Lat.,unnas,unlla,GP,13,OLPAL,"/nʎ/, /ɲ/",NA,1,"FF (355); GCLI (283); REW (9071); DEHLP (unha); DELG (uña); DDGM (unlla); TMILG (both given forms attested in CSM, XH); DEM (2135)."
vĕtŭla,tl,O(V)L,V_,F,vĕtus,Lat.,Vellia,NA,GP,11,OLPAL,/ʎ/,NA,1,"FF (354), cf. CODOLGA; GCLI (279); DELG (vello-a); DEHLP (velho); DDGM (vello); DEM (2152); cf. TMILG (GP *velha* attested in LP, GP *vella* in CSM); Mir. *bielho* (GCLI: 279)."
vĕtŭlus,tl,O(V)L,V_,F,vĕtus,Lat.,viejo,NA,OSp.,11,OLPAL,/ʒ/,NA,1,"CRC (437, 445); GCLI (279); DRAE (viejo); REW (9291); DEEH (1062). According to DCECH (viejo), there are already examples of OSp. *viejo* in the 11th century (the earliest examples found in CORDE date from the 12th century)."
vectĭcŭlus,kl,O(V)L,V_,F,vectis,Late Lat.,betijo,NA,Sp.,20,OLPAL,/ʒ/,NA,1,"CRC (439, 447); DCECH (betijo); DRAE (betijo); DEEH (59, 1069; \< \*[vĭttĭcŭlum]{.smallcaps}); no instances of Sp. *betijo* were found in CORDE."
vectĭcŭlus,kl,O(V)L,V_,F,vectis,Late Lat.,betillo,NA,Gal.,18,OLPAL,/ʎ/,NA,1,DCECH (betijo); DELG (bitillo); cf. DEHLP (betilho); DDD (betillo/bitillo); no information was found in DEM.
vermĭcŭlus,kl,O(V)L,V_,F,vermis,Lat.,vermejo,NA,OSp.,12,OLPAL,/ʒ/,NA,1,"CRC (438, 446); GCLI (278); LS (vermiculus); DRAE (bermejo); DCECH (bermejo); REW (9230); DEEH (1057); CORDE."
vermĭcŭla,kl,O(V)L,V_,F,vermis,Lat.,uermelia,NA,GP,10,OLPAL,/ʎ/,NA,1,"LS (vermiculus); FF (136, 354); GCLI (278); DEHLP (vermelho 1); DEM (2161); DELG (vermello-a); REW (9230); DDGM (vermello/vermella); TMILG (LP, CSM, TC, HT); in CODOLGA (Lucas Álvarez 1986 and Costa 1999), there are several examples of *vermelios* from before the 12th century; Mir. *burmeilho* (GCLI: 278)."
verūcŭlum,kl,O(V)L,V_,F,veru,Lat.,berrojo,ferrojo,OSp.,13,OLPAL,/ʒ/,NA,1,"CRC (439); GCLI (71); DRAE (verrojo); TDHLE (berrojo/cerrojo); Lat. [verūcŭlum]{.smallcaps} > OSp. *berrojo* through the intermediate form [\*verrŭcŭlum]{.smallcaps} (DCECH: cerrojo). OSp. ferrojo 'bolt' resulted from the influence of Lat. [ferrum]{.smallcaps} 'iron', while the modern form Sp. *cerrojo* was influenced by Sp. *cerrar* 'to close' (DCECH: cerrojo; TDHLE: ferrojo). According to REW (9260) and DEEH (1060), the etymon is Lat. [verŭcŭlum]{.smallcaps} (with a short /u/)."
verūcŭlum,kl,O(V)L,V_,F,veru,Lat.,ferrollo,NA,GP,13-14,OLPAL,/ʎ/,NA,1,"DEHLP (ferrolho); TMILG (TC, LCS); DCECH (cerrojo); DELG (cerrollo); DDGM (ferrollo, TC). Through the intermediate form [\*verrŭcŭlum]{.smallcaps} or [\*ferrŭclu]{.smallcaps}, influenced by GP *ferro* or Lat. [ferrum]{.smallcaps} (DEM: 975; DCECH: cerrojo). According to REW (9260) and DEEH (1060), the etymon was Lat. [verŭcŭlum]{.smallcaps} (with a short /u/)."
vītīcŭla,kl,O(V)L,V_,F,vītis,Lat.,vedija,guedella,OSp.,13,OLPAL,/ʒ/,NA,1,"CRC (155, 439, 447); DCECH (guedeja); GCLI (147); REW (9392); DEEH (1068-9); cf. CORDE; possible influence of Got. *\*wathils* (DCECH; DEHLP: guedelha) in Sp. *guedella* (modern form)."
vītīcŭla,kl,O(V)L,V_,F,vītis,Lat.,guedelia,NA,GP,12,OLPAL,/ʎ/,NA,1,"DDGM (Lorenzo 1977); TMILG (TC); GCLI (147); DEHLP (guedelha); DEEH (1068-9). In contrast to the Lat. [vītīcula]{.smallcaps} suggested by DCECH (guedeja) and REW (9392), FF (386) preferred Lat. [vĭtĭcula]{.smallcaps}, DELG (guedella-o) suggested Lat. \*[vetecula]{.smallcaps}, and DEM (1054) preferred [vītĭcŭla]{.smallcaps} as the etymon. Got. \**wathils* might have influenced GP *guedelia* (DCECH; DEHLP: guedelha)."
*vĭncĭcŭlum,kl,O(V)L,V_,F,vĭncīre,Late Lat.,vencello,NA,GP,13,OLPAL,/ʎ/,NA,1,"FF (136); DCECH (vencejo I); DEHLP (vincilho/vinc-); DEM (2153); DDGM (CVGP, vencello); TMILG (CSM). REW (9339), DELG (vencello 1), and DEEH (1065) preferred to set the origin of GP *vencelho* in Lat. \*[vĭncīlĭa/um]{.smallcaps}."
*vĭncĭcŭlum,kl,O(V)L,V_,F,vĭncīre,Late Lat.,vencejo,NA,OSp.,13,OLPAL,/ʒ/,NA,1,With the Sp. meaning 'type of ligature'; CRC (439); DCECH (vencejo I); DRAE (vencejo); cf. DEM (2153); Roberts (2014: 684); Diez and Scheler (2021: 497); CORDE. DEEH (1065) and REW (9339) preferred to set the origin of OSp. *vencejo* in Lat. \*[vĭncīlĭa/um/e]{.smallcaps}.
vĭncŭlum,kl,O(V)L,C_,F,vĭncīre,Lat.,vinclo,NA,OSp.,14,NA,/Ol/,NA,0,"With the meaning 'ring, jewel'; CRC (259, 269); DRAE (brinco). According to DCECH (brincar) (see also for the context of attested *vinclo*), Sp. *brincar/brinco* are borrowings from Pt. *brincar/brinco* (cf. REW: 9341). OSp. *vinclo* seems to have fallen into disuse and disappeared quite rapidly (DCECH: vinclo), which could have contributed to the lack of OL palatalization."
vĭncŭlum,kl,O(V)L,C_,F,vĭncīre,Lat.,vinqu,brinco,GP,13,"-SINC, META",/O/,NA,0,"With the meaning '(ear)ring'; CRC (259); DDGM (vinco, especially Tato Plaza 1999); DCECH (brincar); cf. DEHLP (brinco/brinc-/vinco/brincar); DELG (brinco); DEM (407-8, 2171); DXL (193); TMILG (CSM; GP *brinco* attested in 15th-century VFD); DELG (vinco) suggested that Gal. *vinco* comes from Lat. \*[vincus]{.smallcaps} (cf. REW: 8342)."
vĭncŭlum,kl,O(V)L,C_,F,vĭncīre,Lat.,blincu,NA,Ast.,NA,META,/O/,NA,0,"With the meaning 'ring, jewel'; CRC (259); DCECH (brincar); REW (9341); DGLA (blincu)."
*(in)vŏrūclum,kl,OL,V_,F,volvere,Late Lat.,envurullar,"embrulho, barulho",GP,13,OLPAL,/ʎ/,u.e.,1,"DCECH (orujo/barullo); DEEH (1070); DEHLP (especially embrulhar, see also embrulho/barulho/barulhar); DELG (brullo/embrullo/borullo/barullo/envocullar); DXL (160); DDGM (envurullar); TMILG (CSM). The evolution of the etymon might have been as follows: Lat. [(in)volūcrum]{.smallcaps} > [involūclum]{.smallcaps} or [\*invorūclum]{.smallcaps} > Pt. *embrullo* (DCECH: barullo/orujo; DEM: 835). DEM (1428) tentatively suggested that Pt. *barulho* is an alternative form of Pt. *marulho* (\⟵ Pt. *mar* \< Lat. [măre]{.smallcaps}) (also DLPC: 493)."
*vŏrūclum,kl,OL,V_,F,volvere,Late Lat.,burujo,NA,OSp.,14,OLPAL,/ʒ/,u.e.,1,"CRC (439, 446); DRAE (borujo); cf. REW (9435); CORDE. The evolution of the etymon might have been as follows: Lat. [(in)volūcrum]{.smallcaps} > [volūclum]{.smallcaps} or [\*vorūclum]{.smallcaps} > OSp. *borujo* > Sp. *orujo* (DCECH: barullo/orujo)."
vŭlpēcŭla,kl,O(V)L,V_,F,vŭlpes,Lat.,gulpeja,NA,OSp.,13,OLPAL,/ʒ/,NA,1,"CRC (155, 439, 446); DCECH (vulpeja); DRAE (vulpeja); Roberts (2014: 705); DEEH (1075); cf. DDGM (golpella, TC); CORDE; according to REW (9463), OSp. *gulpeja* and *vulpeja* were Old French borrowings."
vŭlpēcŭla,kl,O(V)L,V_,F,vŭlpes,Lat.,golpello,NA,GP,13,OLPAL,/ʎ/,NA,1,"Georges (vulpecula); FF (135, 354, 386, 417); DEHLP (golpelha); DEM (1111, GP *golpelha* \< Lat. [vulpĭcula]{.smallcaps}); DDGM (golpella/golpello, especially TC); DEEH (1075); cf. DELG (golpe); TMILG (CSM, TC); NDLP (golpelha 1); according to REW (9463), Pt. *golpelha* is an OFr. borrowing."
*vŭlpēcŭlarias,kl,O(V)L,V_,F (light highlight),vŭlpes,Lat.,Bolpeleiras,"golpilleira, golpeleira",GP,12,NA,"/ʎ/, /l/",u.o.,NA,"FF (386, 417); DDGM (golpella); DDD (golpilleira). The given inherited forms may have also been derived from GP *golpella* (DELG: golpe; NDLP: golpelheira; DXL: 634; DEM: 1111)."
(Aquis) Flavĭīs,fl,OL,#_,F,Flavĭus,Lat.,Chaues,NA,GP,13,OLPAL,/ʧ/,NA,1,"FF (329); Fernandes (2023, Toponomasticon Hispaniae)."
Biclăra,kl,OL,V_,F,biclăra,Lat.,Béjar,NA,OSp.,13,OLPAL,/ʒ/,NA,1,CRC (252); Celdrán (2009: 126); Morala Rodríguez (2011: 209); Llorente Maldonado de Guevara and Llorente Pinto (2003: 100); also attested as *Beiar* and *Bejar* in several documents from the 13th century (cf. CORDE).
pĕstŭlus,tl,O(V)L,C_,F,pĕssŭlus,Late Lat.,pilche,NA,Mozarab.,NA,OLPAL,/ʧ/,NA,1,"CRC (272, 285); DCECH (pestillo); DEEH (869)."
pĕstŭlus,tl,O(V)L,C_,F,pĕssŭlus,Late Lat.,fechadas,pechar,GP,13,OLPAL,/ʧ/,NA,1,"LS and Georges (pessulus); FF (134); CRC (260); GCLI (283); REW (6441); DEHLP (fecho); DEEH (869); DCECH (pestillo); DXL (922); DDGM (pechar, TC); TMILG (LP, CSM, TC); GP *pechada/o* is attested in the 15th century (TMILG: VFD). The evolution of the etymon could have been as follows: Lat. [pĕssŭlus]{.smallcaps} > ([pĕstŭlus]{.smallcaps}) > [pesculum]{.smallcaps} > [pesclum]{.smallcaps} > GP *pecho* (cf. DCECH: pestillo; REW: 6441; DEM: 965). Except for DEEH (869), all sources considered GP *pechar* to be a derivational form of GP *pecho*."
pĕstŭlus,tl,O(V)L,C_,F,pĕssŭlus,Late Lat.,piesllu,NA,Ast.,NA,OLPAL,/ʎ/,NA,1,CRC (260-2); REW (6441); DEEH (869); DCECH (pestillo); GCLI (283); DGLA (piesllu). The evolution of the etymon could have been as follows: Lat. [pĕssŭlus]{.smallcaps} > ([pestŭlus]{.smallcaps}) > [pesculum]{.smallcaps} > [pesclum]{.smallcaps} > GP *pecho* (cf. DCECH: pestillo; REW: 6441; DEM: 965).
